URL,Код ответа,Ошибка в Новостях,Обнаружено,Категория
http://www.yaponama.ru/info/0446535250/TOYOTA,410,,27.05.12,Не найдено
http://www.yaponama.ru/searches/T1123/PAGID,410,,23.05.12,Не найдено
http://www.yaponama.ru/info/13046029412/ATE,404,,24.05.12,Не найдено
http://www.yaponama.ru/info/05P684/LPR,404,,24.03.12,Не найдено
http://www.yaponama.ru/info/FDB370/FERODO,404,,24.05.12,Не найдено
http://www.yaponama.ru/info/180337/ICER,404,,23.05.12,Не найдено
http://www.yaponama.ru/info/15400PR3014/HONDA,404,,23.05.12,Не найдено
http://www.yaponama.ru/info/9947630/FIAT,410,,27.05.12,Не найдено
http://www.yaponama.ru/info/RFN52LZ/EYQUEM,404,,25.03.12,Не найдено
http://www.yaponama.ru/searches/500W008/ASHIKA,410,,24.05.12,Не найдено
http://www.yaponama.ru/info/W71275/MANN,404,,24.05.12,Не найдено
http://www.yaponama.ru/info/SP212/SCT,410,,25.05.12,Не найдено
http://www.yaponama.ru/info/BP9082/KBP,410,,25.05.12,Не найдено
http://www.yaponama.ru/info/W81581/MANN,404,,24.05.12,Не найдено
http://www.yaponama.ru/info/OP587/FILTRON,404,,25.03.12,Не найдено
http://www.yaponama.ru/info/PS1002/BESF1TS,404,,25.03.12,Не найдено
http://www.yaponama.ru/info/GDB3352/TRW,404,,24.05.12,Не найдено
http://www.yaponama.ru/info/J3602112/NIPPARTS,410,,26.05.12,Не найдено
http://www.yaponama.ru/info/OG515/GOODWILL,404,,25.03.12,Не найдено
http://www.yaponama.ru/searches/2200451/METELLI,410,,26.05.12,Не найдено
http://www.yaponama.ru/info/SK803/SCT,404,,25.03.12,Не найдено
http://www.yaponama.ru/info/0242229543/BOSCH,404,,22.05.12,Не найдено
http://www.yaponama.ru/info/15400PR3004/HONDA,404,,23.05.12,Не найдено
http://www.yaponama.ru/info/GDB3243/TRW,404,,15.03.12,Не найдено
http://www.yaponama.ru/info/6104581/GIRLING,404,,24.05.12,Не найдено
http://www.yaponama.ru/info/OE026T10/CHAMPION,404,,23.05.12,Не найдено
http://www.yaponama.ru/info/PN0017/NIBK,404,,24.05.12,Не найдено
http://www.yaponama.ru/info/9949048/FIAT,410,,27.05.12,Не найдено
http://www.yaponama.ru/info/OL1001T/TECNECO%20FILTERS,404,,25.03.12,Не найдено
http://www.yaponama.ru/info/T1401/PAGID,404,,22.05.12,Не найдено
http://www.yaponama.ru/info/2319600/UFI,404,,24.05.12,Не найдено
http://www.yaponama.ru/info/A0031596703/MERCEDES-BENZ,404,,24.03.12,Не найдено
http://www.yaponama.ru/info/C307/KITTO,404,,25.03.12,Не найдено
http://www.yaponama.ru/info/05P1370/LPR,404,,22.05.12,Не найдено
http://www.yaponama.ru/info/JEY014302/MAZDA,410,,25.05.12,Не найдено
http://www.yaponama.ru/info/PN1479/JNBK,404,,24.05.12,Не найдено
http://www.yaponama.ru/info/15400PLC004/HONDA,404,,25.03.12,Не найдено
http://www.yaponama.ru/info/MDB1384/MINTEX,404,,24.03.12,Не найдено
http://www.yaponama.ru/info/2327400/UFI,404,,22.05.12,Не найдено
http://www.yaponama.ru/searches/3226/DENSO,410,,23.05.12,Не найдено
http://www.yaponama.ru/info/9948623/FIAT,410,,27.05.12,Не найдено
http://www.yaponama.ru/info/0986AF1182/BOSCH,404,,25.03.12,Не найдено
http://www.yaponama.ru/info/RN9YC/CHAMPION,404,,24.05.12,Не найдено
http://www.yaponama.ru/info/FSL1160/FERODO,404,,25.03.12,Не найдено
http://www.yaponama.ru/info/PH4558/FRAM,404,,22.05.12,Не найдено
http://www.yaponama.ru/info/T3053/PAGID,404,,23.05.12,Не найдено
http://www.yaponama.ru/searches/220802/ROADHOUSE,410,,24.05.12,Не найдено
http://www.yaponama.ru/info/793382/FIAT,404,,24.05.12,Не найдено
http://www.yaponama.ru/info/0002335500/BERU,404,,23.05.12,Не найдено
http://www.yaponama.ru/info/77362186/FIAT,410,,27.05.12,Не найдено
http://www.yaponama.ru/info/2313102/UFI,404,,24.05.12,Не найдено
http://www.yaponama.ru/info/PN0019/NIBK,404,,24.05.12,Не найдено
http://www.yaponama.ru/info/A0024209920/MERCEDES-BENZ,404,,23.05.12,Не найдено
http://www.yaponama.ru/info/5892733/FIAT,404,,24.05.12,Не найдено
http://www.yaponama.ru/info/4434879/FIAT,404,,24.05.12,Не найдено
http://www.yaponama.ru/info/5892481/FIAT,404,,24.05.12,Не найдено
http://www.yaponama.ru/info/LP1799/DELPHI,404,,23.05.12,Не найдено
http://www.yaponama.ru/info/794963/FIAT,404,,24.05.12,Не найдено
http://www.yaponama.ru/searches/P035320/WOKING&fast=1000,404,,24.05.12,Не найдено
http://www.yaponama.ru/info/T0331/PAGID,404,,23.05.12,Не найдено
http://www.yaponama.ru/info/OC259/MAHLE,404,,23.05.12,Не найдено
http://www.yaponama.ru/info/4856/NGK,404,,22.03.12,Не найдено
http://www.yaponama.ru/searches/523602/NK,410,,06.03.12,Не найдено
http://www.yaponama.ru/info/W20EPRU4/DENSO,404,,24.05.12,Не найдено
http://www.yaponama.ru/info/MVB855R4/AE,404,,22.03.12,Не найдено
http://www.yaponama.ru/info/HX46D2/MAHLE,404,,15.03.12,Не найдено
http://www.yaponama.ru/info/T4154/PAGID,404,,22.05.12,Не найдено
http://www.yaponama.ru/searches/F32Z8620A/FORD,410,,11.03.12,Не найдено
http://www.yaponama.ru/info/1026901/FORD,404,,15.03.12,Не найдено
http://www.yaponama.ru/searches/A5113/FLENNOR,410,,24.05.12,Не найдено
http://www.yaponama.ru/info/GJYB3323ZB/MAZDA,404,,24.05.12,Не найдено
http://www.yaponama.ru/info/FC42LS/EYQUEM,404,,24.03.12,Не найдено
http://www.yaponama.ru/info/FDB1619/FERODO,404,,19.03.12,Не найдено
http://www.yaponama.ru/info/181004/ICER,404,,24.05.12,Не найдено
http://www.yaponama.ru/info/0K2AA18110/KIA,404,,23.05.12,Не найдено
http://www.yaponama.ru/info/A0031596803/MERCEDES-BENZ,404,,23.05.12,Не найдено
http://www.yaponama.ru/info/793470/FIAT,404,,24.05.12,Не найдено
http://www.yaponama.ru/info/OC67/KNECHT,404,,24.05.12,Не найдено
http://www.yaponama.ru/info/2323100/UFI,404,,13.03.12,Не найдено
http://www.yaponama.ru/info/C932/SAKURA,404,,24.05.12,Не найдено
http://www.yaponama.ru/searches/2341900/UFI,410,,22.05.12,Не найдено
http://www.yaponama.ru/searches/TAR212/FERODO/1,410,,25.05.12,Не найдено
http://www.yaponama.ru/info/791873/FIAT,404,,23.05.12,Не найдено
http://www.yaponama.ru/info/MVB775R4/AE,404,,20.03.12,Не найдено
http://www.yaponama.ru/searches/77362257/ALFA%20ROMEO,410,,24.05.12,Не найдено
http://www.yaponama.ru/info/K16TNRS9/DENSO,404,,25.03.12,Не найдено
http://www.yaponama.ru/searches/MX914/MORSE,410,,22.05.12,Не найдено
http://www.yaponama.ru/searches/P279320/WOKING&fast=1,410,,25.05.12,Не найдено
http://www.yaponama.ru/info/D2179/KASHIYAMA,410,,25.05.12,Не найдено
http://www.yaponama.ru/info/2325500/UFI,404,,23.05.12,Не найдено
http://www.yaponama.ru/info/15208KA000/SUBARU,404,,23.05.12,Не найдено
http://www.yaponama.ru/info/181138/ICER,404,,26.03.12,Не найдено
http://www.yaponama.ru/searches/P23066/BREMBO/1,410,,23.05.12,Не найдено
http://www.yaponama.ru/info/ADC42103/BLUE%20PRINT,404,,25.03.12,Не найдено
http://www.yaponama.ru/searches/37123/ABS/1,404,,24.05.12,Не найдено
http://www.yaponama.ru/searches/291407/OCAP,410,,22.05.12,Не найдено
http://www.yaponama.ru/info/PK1430/MASUMA,410,,25.05.12,Не найдено
http://www.yaponama.ru/searches/3628/BESER,410,,23.05.12,Не найдено
http://www.yaponama.ru/searches/5PK1210/FLENNOR,410,,24.05.12,Не найдено
http://www.yaponama.ru/info/GDB1542/TRW,404,,23.05.12,Не найдено
http://www.yaponama.ru/searches/3009/DENSO&show=1,404,,22.05.12,Не найдено
http://www.yaponama.ru/info/PN1217/NIBK,410,,27.05.12,Не найдено
http://www.yaponama.ru/searches/KW407/SANKEI,410,,22.05.12,Не найдено
http://www.yaponama.ru/searches/0986424771/BOSCH/1,404,,23.05.12,Не найдено
http://www.yaponama.ru/searches/AD1559359/AD,410,,22.05.12,Не найдено
http://www.yaponama.ru/info/77362316/FIAT,410,,27.05.12,Не найдено
http://www.yaponama.ru/info/GDB798S/TRW,404,,22.05.12,Не найдено
http://www.yaponama.ru/info/1987947776/BOSCH,404,,23.05.12,Не найдено
http://www.yaponama.ru/info/W71911/MANN,404,,24.05.12,Не найдено
http://www.yaponama.ru/info/OC606/MAHLE,404,,24.05.12,Не найдено
http://www.yaponama.ru/searches/571316JAS/JURID/1,410,,23.05.12,Не найдено
http://www.yaponama.ru/info/2315100/UFI,404,,24.05.12,Не найдено
http://www.yaponama.ru/info/T1644/PAGID,404,,22.05.12,Не найдено
http://www.yaponama.ru/searches/5395/BANDO,404,,22.05.12,Не найдено
http://www.yaponama.ru/info/3027500/UFI,404,,22.05.12,Не найдено
http://www.yaponama.ru/searches/OE003/CHAMPION,410,,22.05.12,Не найдено
http://www.yaponama.ru/searches/A5361/FLENNOR,410,,23.05.12,Не найдено
http://www.yaponama.ru/info/GDB3293/TRW,404,,23.05.12,Не найдено
http://www.yaponama.ru/searches/TF1856/AMC,404,,21.05.12,Не найдено
http://www.yaponama.ru/info/14FR6DU/BERU,404,,22.03.12,Не найдено
http://www.yaponama.ru/info/180459/ICER,404,,23.05.12,Не найдено
http://www.yaponama.ru/searches/8339921/SAAB,404,,22.05.12,Не найдено
http://www.yaponama.ru/info/1HM698151A/AUDI,404,,27.03.12,Не найдено
http://www.yaponama.ru/searches/5520061880/GENERAL%20MOTORS,410,,25.05.12,Не найдено
http://www.yaponama.ru/info/G21065/OPTIMAL,404,,24.03.12,Не найдено
http://www.yaponama.ru/searches/FL0908B/FLENNOR,410,,24.05.12,Не найдено
http://www.yaponama.ru/searches/FDB385/FERODO,410,,25.05.12,Не найдено
http://www.yaponama.ru/info/GDB3195/TRW,404,,24.05.12,Не найдено
http://www.yaponama.ru/info/OE120T10/CHAMPION,404,,23.05.12,Не найдено
http://www.yaponama.ru/info/T1592/PAGID,404,,22.05.12,Не найдено
http://www.yaponama.ru/info/T1250/PAGID,404,,22.05.12,Не найдено
http://www.yaponama.ru/info/SVB10888/AE,404,,23.05.12,Не найдено
http://www.yaponama.ru/searches/SN285P/ADVICS,404,,22.05.12,Не найдено
http://www.yaponama.ru/info/650391/OPEL,404,,24.05.12,Не найдено
http://www.yaponama.ru/info/GDB1362/TRW,404,,19.03.12,Не найдено
http://www.yaponama.ru/info/LAK181/MAHLE,404,,23.05.12,Не найдено
http://www.yaponama.ru/info/LAK181/KNECHT,404,,23.05.12,Не найдено
http://www.yaponama.ru/searches/MO422/AMC,410,,23.05.12,Не найдено
http://www.yaponama.ru/info/BCPR5ES/NGK,404,,24.03.12,Не найдено
http://www.yaponama.ru/info/GDB3355/TRW,404,,24.05.12,Не найдено
http://www.yaponama.ru/info/MVB887R5/AE,404,,22.03.12,Не найдено
http://www.yaponama.ru/info/GDB1474/TRW,404,,22.05.12,Не найдено
http://www.yaponama.ru/searches/MPM07/MANDO,404,,22.05.12,Не найдено
http://www.yaponama.ru/info/SP399/SCT,404,,19.03.12,Не найдено
http://www.yaponama.ru/info/10A0950C/DAYCO,404,,24.05.12,Не найдено
http://www.yaponama.ru/searches/18354/TRW,410,,24.05.12,Не найдено
http://www.yaponama.ru/searches/281886/OCAP,410,,25.05.12,Не найдено
http://www.yaponama.ru/searches/860/ZM,404,,22.05.12,Не найдено
http://www.yaponama.ru/info/8943283740/ISUZU,410,,25.05.12,Не найдено
http://www.yaponama.ru/info/GDB1127/TRW,404,,23.05.12,Не найдено
http://www.yaponama.ru/searches/ELT704FAST1,410,,25.05.12,Не найдено
http://www.yaponama.ru/info/J1537000/NIPPARTS,404,,24.05.12,Не найдено
http://www.yaponama.ru/searches/222549FAST1,410,,25.05.12,Не найдено
http://www.yaponama.ru/info/C311521/MANN,404,,28.03.12,Не найдено
http://www.yaponama.ru/searches/73180/MAFF,410,,25.05.12,Не найдено
http://www.yaponama.ru/searches/6133634/GIRLING,410,,24.05.12,Не найдено
http://www.yaponama.ru/searches/FSL1919/FERODO,410,,25.05.12,Не найдено
http://www.yaponama.ru/info/37362OE/ABS,404,,23.05.12,Не найдено
http://www.yaponama.ru/searches/ADT38530/BLUE%20PRINT,410,,25.05.12,Не найдено
http://www.yaponama.ru/searches/0986424232/BOSCH/1,410,,25.05.12,Не найдено
http://www.yaponama.ru/searches/NO242C/AMC,410,,24.05.12,Не найдено
http://www.yaponama.ru/info/PN8206/AIKO,404,,13.03.12,Не найдено
http://www.yaponama.ru/info/HT822248/HANSE,404,,22.03.12,Не найдено
http://www.yaponama.ru/info/5101130/ASHIKA,404,,25.03.12,Не найдено
http://www.yaponama.ru/searches/11A1075C/DAYCO&fast=1000,404,,24.05.12,Не найдено
http://www.yaponama.ru/searches/9271/OPTIMAL&show=1,404,,24.05.12,Не найдено
http://www.yaponama.ru/info/180460/ICER,404,,23.05.12,Не найдено
http://www.yaponama.ru/searches/611483300/BEHR,410,,25.05.12,Не найдено
http://www.yaponama.ru/searches/50/BOSCH,410,,25.05.12,Не найдено
http://www.yaponama.ru/searches/61555/MAPCO,410,,25.05.12,Не найдено
http://www.yaponama.ru/info/1430/GATES,410,,27.05.12,Не найдено
http://www.yaponama.ru/info/PN0199/NIBK,404,,22.05.12,Не найдено
http://www.yaponama.ru/info/GE37303/SNR,404,,22.05.12,Не найдено
http://www.yaponama.ru/info/181723/ICER,404,,22.05.12,Не найдено
http://www.yaponama.ru/searches/6110301/GIRLING,404,,23.05.12,Не найдено
http://www.yaponama.ru/info/PH4967/FRAM,404,,22.05.12,Не найдено
http://www.yaponama.ru/info/OX78D/MAHLE,404,,22.05.12,Не найдено
http://www.yaponama.ru/searches/507782/VERNET/1,410,,23.05.12,Не найдено
http://www.yaponama.ru/searches/14499/LEMFORDER,404,,23.05.12,Не найдено
http://www.yaponama.ru/info/VKM81005/SKF,404,,22.03.12,Не найдено
http://www.yaponama.ru/searches/222515/NK,404,,23.05.12,Не найдено
http://www.yaponama.ru/info/5040355/DAYCO,404,,22.03.12,Не найдено
http://www.yaponama.ru/info/0986452036/BOSCH,404,,22.05.12,Не найдено
http://www.yaponama.ru/searches/G61132/OPTIMAL,404,,23.05.12,Не найдено
http://www.yaponama.ru/info/A003159670326/MERCEDES-BENZ,404,,24.03.12,Не найдено
http://www.yaponama.ru/info/T3013/PAGID,404,,24.05.12,Не найдено
http://www.yaponama.ru/searches/3158/DENSO,410,,22.05.12,Не найдено
http://www.yaponama.ru/info/1120827/FORD,404,,22.03.12,Не найдено
http://www.yaponama.ru/info/C29607/JAGUAR,404,,23.05.12,Не найдено
http://www.yaponama.ru/info/63404/REMSA,404,,13.03.12,Не найдено
http://www.yaponama.ru/info/227618381B/MAZDA,410,,26.05.12,Не найдено
http://www.yaponama.ru/info/792703/FIAT,404,,24.05.12,Не найдено
http://www.yaponama.ru/info/37098/ABS,404,,14.05.12,Не найдено
http://www.yaponama.ru/searches/0911007285/EYQUEM,404,,13.04.12,Не найдено
http://www.yaponama.ru/searches/1214004/OPEL&show=1,404,,29.02.12,Не найдено
http://www.yaponama.ru/searches/520101013/MEYLE,404,,14.05.12,Не найдено
http://www.yaponama.ru/searches/8719/FEBI&fast=1,404,,26.04.12,Не найдено
http://www.yaponama.ru/searches/263112/ROADHOUSE&fast=1,404,,03.03.12,Не найдено
http://www.yaponama.ru/searches/0446533010/TOYOTA&fast=1,404,,27.02.12,Не найдено
http://www.yaponama.ru/searches/Z47/BERU&fast=1,404,,15.04.12,Не найдено
http://www.yaponama.ru/searches/0SP00479/CHRYSLER&fast=1000,404,,02.03.12,Не найдено
http://www.yaponama.ru/info/224736/NK,404,,11.05.12,Не найдено
http://www.yaponama.ru/info/181139/ICER,404,,22.05.12,Не найдено
http://www.yaponama.ru/info/322/CHAMPION,404,,13.03.12,Не найдено
http://www.yaponama.ru/searches/0446533010/TOYOTA&show=1,404,,27.02.12,Не найдено
http://www.yaponama.ru/info/072601024704/MERCEDES-BENZ,404,,19.05.12,Не найдено
http://www.yaponama.ru/searches/449542080/TOYOTA,404,,09.04.12,Не найдено
http://www.yaponama.ru/info/13A0950C/DAYCO,404,,24.03.12,Не найдено
http://www.yaponama.ru/info/204736/NK,404,,14.05.12,Не найдено
http://www.yaponama.ru/searches/SVB101140/AE/1,404,,27.04.12,Не найдено
http://www.yaponama.ru/searches/38763PB3004/HONDA&fast=1,404,,26.04.12,Не найдено
http://www.yaponama.ru/searches/0241229574/BOSCH,404,,17.03.12,Не найдено
http://www.yaponama.ru/searches/1826101/LMI,404,,02.05.12,Не найдено
http://www.yaponama.ru/searches/1J0698151A/VOLKSWAGEN&show=1,404,,05.05.12,Не найдено
http://www.yaponama.ru/info/VL1/NGK,404,,07.05.12,Не найдено
http://www.yaponama.ru/searches/K7RTC/TORCH&fast=1,404,,05.05.12,Не найдено
http://www.yaponama.ru/searches/013400SHOW1,404,,13.02.12,Не найдено
http://www.yaponama.ru/searches/1457434415/BOSCH,404,,13.04.12,Не найдено
http://www.yaponama.ru/info/VLINE29/NGK,404,,20.05.12,Не найдено
http://www.yaponama.ru/searches/CY005/AMC,404,,12.05.12,Не найдено
http://www.yaponama.ru/searches/2430/TRW,404,,25.04.12,Не найдено
http://www.yaponama.ru/searches/0242235597,404,,07.04.12,Не найдено
http://www.yaponama.ru/searches/96003631/RTS&fast=1000,404,,26.04.12,Не найдено
http://www.yaponama.ru/info/5962G7/CITROEN,410,,26.05.12,Не найдено
http://www.yaponama.ru/info/GR5/NGK,404,,07.05.12,Не найдено
http://www.yaponama.ru/searches/0948200360000/SUZUKI&fast=1,404,,01.03.12,Не найдено
http://www.yaponama.ru/info/0123050/FEBEST,404,,22.03.12,Не найдено
http://www.yaponama.ru/searches/0986469191/BOSCH&show=1,404,,05.05.12,Не найдено
http://www.yaponama.ru/searches/0986469191/BOSCH&fast=1,404,,05.05.12,Не найдено
http://www.yaponama.ru/searches/T1081/PAGID,404,,13.03.12,Не найдено
http://www.yaponama.ru/searches/TL387/DELPHI,404,,19.05.12,Не найдено
http://www.yaponama.ru/info/17440/DAYCO,404,,24.05.12,Не найдено
http://www.yaponama.ru/searches/46480362/FIAT&fast=1,404,,29.04.12,Не найдено
http://www.yaponama.ru/info/1430?manufacturer=FRI.TECH.,404,,12.05.12,Не найдено
http://www.yaponama.ru/searches/180468/ICER/1,404,,07.05.12,Не найдено
http://www.yaponama.ru/searches/JTC1220/TRW&fast=1000,404,,04.04.12,Не найдено
http://www.yaponama.ru/searches/0731/TRUSTING&show=1,404,,05.05.12,Не найдено
http://www.yaponama.ru/searches/92057200/TEXTAR&show=1,404,,02.05.12,Не найдено
http://www.yaponama.ru/searches/C103/TOPFILS,404,,15.04.12,Не найдено
http://www.yaponama.ru/searches/2430/BANDO&show=1,404,,01.04.12,Не найдено
http://www.yaponama.ru/searches/T8307/MICRO&fast=1,404,,03.04.12,Не найдено
http://www.yaponama.ru/info/64551717954/BMW,404,,24.05.12,Не найдено
http://www.yaponama.ru/searches/SVB101300/AE,404,,02.05.12,Не найдено
http://www.yaponama.ru/searches/825923802/MAZDA&fast=1,404,,05.05.12,Не найдено
http://www.yaponama.ru/searches/5981626/LONGHO,404,,21.04.12,Не найдено
http://www.yaponama.ru/searches/0948200550/SUZUKI&show=1,404,,02.03.12,Не найдено
http://www.yaponama.ru/searches/99750004,404,,21.04.12,Не найдено
http://www.yaponama.ru/info/GDB798/TRW,404,,20.05.12,Не найдено
http://www.yaponama.ru/searches/0948200550/SUZUKI&fast=1000,404,,02.03.12,Не найдено
http://www.yaponama.ru/searches/G71301/OPTIMAL,404,,21.04.12,Не найдено
http://www.yaponama.ru/searches/825923802/MAZDA&show=1,404,,05.05.12,Не найдено
http://www.yaponama.ru/searches/0446530400/TOYOTA&fast=1,404,,27.02.12,Не найдено
http://www.yaponama.ru/searches/0948200550/SUZUKI&fast=1,404,,02.03.12,Не найдено
http://www.yaponama.ru/searches/SVB12795/AE/1,404,,27.04.12,Не найдено
http://www.yaponama.ru/searches/KF2014/JAPANPARTS,404,,25.04.12,Не найдено
http://www.yaponama.ru/searches/D30FAST1,404,,24.04.12,Не найдено
http://www.yaponama.ru/searches/1341201/LEMFORDER,404,,21.04.12,Не найдено
http://www.yaponama.ru/searches/625481/ROULUNDS,404,,08.03.12,Не найдено
http://www.yaponama.ru/searches/OE039/CHAMPION,404,,16.05.12,Не найдено
http://www.yaponama.ru/searches/SVB131025/AE,404,,13.03.12,Не найдено
http://www.yaponama.ru/searches/0241235751FAST1,404,,24.03.12,Не найдено
http://www.yaponama.ru/searches/0986566683/BOSCH&fast=1,404,,02.03.12,Не найдено
http://www.yaponama.ru/searches/EON5/CHAMPION,404,,06.03.12,Не найдено
http://www.yaponama.ru/searches/16344/FEBI&fast=1000,404,,10.04.12,Не найдено
http://www.yaponama.ru/searches/101905617/VOLKSWAGEN&fast=1,404,,03.03.12,Не найдено
http://www.yaponama.ru/searches/56028189,404,,02.05.12,Не найдено
http://www.yaponama.ru/info/5PK1210/DAYCO,404,,27.03.12,Не найдено
http://www.yaponama.ru/searches/0948200139/SUZUKI&fast=1000,404,,01.03.12,Не найдено
http://www.yaponama.ru/searches/J2820900/NIPPARTS,404,,30.04.12,Не найдено
http://www.yaponama.ru/info/02290/FEBI,404,,02.05.12,Не найдено
http://www.yaponama.ru/searches/22401AA450/SUBARU&fast=1000,404,,25.02.12,Не найдено
http://www.yaponama.ru/searches/223245/NK,410,,19.02.12,Не найдено
http://www.yaponama.ru/searches/FQT1083/FERODO,404,,12.04.12,Не найдено
http://www.yaponama.ru/searches/P089300/WOKING,404,,10.04.12,Не найдено
http://www.yaponama.ru/searches/230117/METELLI,404,,15.03.12,Не найдено
http://www.yaponama.ru/searches/T1103/PAGID&fast=1000,404,,20.05.12,Не найдено
http://www.yaponama.ru/searches/K16RU/TOYOTA&fast=1000,404,,16.05.12,Не найдено
http://www.yaponama.ru/searches/0446533290/TOYOTA&fast=1,404,,29.02.12,Не найдено
http://www.yaponama.ru/searches/T1103/PAGID&fast=1,404,,20.05.12,Не найдено
http://www.yaponama.ru/searches/602927/ATE,404,,20.03.12,Не найдено
http://www.yaponama.ru/searches/6129/FEBI,404,,04.03.12,Не найдено
http://www.yaponama.ru/searches/0446533290/TOYOTA&fast=1000,404,,29.02.12,Не найдено
http://www.yaponama.ru/searches/16160300019/MEYLE,404,,07.04.12,Не найдено
http://www.yaponama.ru/searches/7709/FENNO%20STEEL,404,,14.04.12,Не найдено
http://www.yaponama.ru/info/73220/MAFF,404,,19.05.12,Не найдено
http://www.yaponama.ru/searches/SVB10800/AE,404,,20.05.12,Не найдено
http://www.yaponama.ru/searches/0031597603/MERCEDES-BENZ&show=1,404,,10.04.12,Не найдено
http://www.yaponama.ru/info/81926895/SWAG,404,,22.03.12,Не найдено
http://www.yaponama.ru/searches/0446642040/TOYOTA&fast=1,404,,22.04.12,Не найдено
http://www.yaponama.ru/searches/181612/ICER&show=1,404,,13.02.12,Не найдено
http://www.yaponama.ru/searches/0446530320/TOYOTA&show=1,404,,22.04.12,Не найдено
http://www.yaponama.ru/searches/598171/VALEO&fast=1,404,,10.05.12,Не найдено
http://www.yaponama.ru/searches/RC8PYPB4/CHAMPION,404,,19.05.12,Не найдено
http://www.yaponama.ru/searches/9099909001/TOYOTA&fast=1,404,,22.04.12,Не найдено
http://www.yaponama.ru/searches/598399/VALEO&fast=1000,404,,22.04.12,Не найдено
http://www.yaponama.ru/searches/229984SHOW1,404,,14.02.12,Не найдено
http://www.yaponama.ru/searches/594000SX/STELLOX/1,404,,13.04.12,Не найдено
http://www.yaponama.ru/searches/SP435/MOTORCRAFT&show=1,404,,20.05.12,Не найдено
http://www.yaponama.ru/searches/09146367/CHEVROLET&fast=1,404,,22.04.12,Не найдено
http://www.yaponama.ru/searches/05P719FAST1000,404,,10.04.12,Не найдено
http://www.yaponama.ru/searches/0002330795/BERU&fast=1,404,,29.04.12,Не найдено
http://www.yaponama.ru/searches/0986460949/BOSCH&show=1,404,,04.05.12,Не найдено
http://www.yaponama.ru/searches/P83048/BREMBO&fast=1,404,,18.05.12,Не найдено
http://www.yaponama.ru/searches/P83037/BREMBO&fast=1000,404,,18.05.12,Не найдено
http://www.yaponama.ru/searches/OE005/CHAMPION&fast=1000,404,,02.05.12,Не найдено
http://www.yaponama.ru/searches/VKBA3637/SKF&fast=1000,404,,02.05.12,Не найдено
http://www.yaponama.ru/searches/MVB1015R5/AE,404,,13.03.12,Не найдено
http://www.yaponama.ru/searches/0986460949/BOSCH&fast=1,404,,04.05.12,Не найдено
http://www.yaponama.ru/info/H35WK02D87/HENGST,404,,09.04.12,Не найдено
http://www.yaponama.ru/searches/MDB1367/MINTEX,404,,12.04.12,Не найдено
http://www.yaponama.ru/searches/229952/NK,404,,21.04.12,Не найдено
http://www.yaponama.ru/searches/4293/NGK&fast=1,404,,12.04.12,Не найдено
http://www.yaponama.ru/searches/9195109/OPEL,404,,12.04.12,Не найдено
http://www.yaponama.ru/info/RECHM432/MANDO,404,,25.03.12,Не найдено
http://www.yaponama.ru/searches/R595/TEKNOROT&fast=1000,404,,19.05.12,Не найдено
http://www.yaponama.ru/searches/G106/CHAMPION,404,,12.04.12,Не найдено
http://www.yaponama.ru/searches/SVB101090/AE,404,,12.04.12,Не найдено
http://www.yaponama.ru/searches/2204/NSK&fast=1,404,,10.04.12,Не найдено
http://www.yaponama.ru/searches/FSL1531/FERODO&show=1,404,,15.05.12,Не найдено
http://www.yaponama.ru/searches/A5202/FLENNOR/1,404,,13.05.12,Не найдено
http://www.yaponama.ru/searches/22819/FEBI&show=1,404,,12.04.12,Не найдено
http://www.yaponama.ru/searches/225210/NK,404,,04.03.12,Не найдено
http://www.yaponama.ru/searches/246511FAST1000,404,,25.04.12,Не найдено
http://www.yaponama.ru/info/1452357/FORD,404,,24.05.12,Не найдено
http://www.yaponama.ru/searches/0002335930/BERU&show=1,404,,10.04.12,Не найдено
http://www.yaponama.ru/searches/PK1233/JNBK,404,,25.04.12,Не найдено
http://www.yaponama.ru/searches/0986424644/BOSCH&show=1,404,,04.05.12,Не найдено
http://www.yaponama.ru/searches/2345200/UFI,404,,09.05.12,Не найдено
http://www.yaponama.ru/searches/90006259/GENERAL%20MOTORS,404,,14.04.12,Не найдено
http://www.yaponama.ru/info/4006108/SASIC,404,,01.05.12,Не найдено
http://www.yaponama.ru/searches/5099877/FORD&show=1,404,,22.05.12,Не найдено
http://www.yaponama.ru/searches/TH12888G1/GATES&show=1,404,,18.02.12,Не найдено
http://www.yaponama.ru/info/D17/DENSO,404,,13.05.12,Не найдено
http://www.yaponama.ru/searches/18284/LEMFORDER/1,404,,13.05.12,Не найдено
http://www.yaponama.ru/info/TA1625/DELPHI,404,,01.05.12,Не найдено
http://www.yaponama.ru/searches/38763657810/HONDA&fast=1000,404,,03.03.12,Не найдено
http://www.yaponama.ru/searches/F08719/FEBI/1,404,,02.04.12,Не найдено
http://www.yaponama.ru/searches/SP279/SCT,404,,20.05.12,Не найдено
http://www.yaponama.ru/searches/5PK1030/FLENNOR,404,,11.05.12,Не найдено
http://www.yaponama.ru/searches/5099877/FORD&fast=1000,404,,22.05.12,Не найдено
http://www.yaponama.ru/searches/5099877/FORD&fast=1,404,,22.05.12,Не найдено
http://www.yaponama.ru/searches/14614/REMSA&show=1,404,,13.02.12,Не найдено
http://www.yaponama.ru/searches/V26344913/DELPHI,404,,24.03.12,Не найдено
http://www.yaponama.ru/searches/5031939/NK,404,,27.04.12,Не найдено
http://www.yaponama.ru/searches/0986424481/BOSCH&show=1,404,,04.05.12,Не найдено
http://www.yaponama.ru/searches/0986424481/BOSCH&fast=1000,404,,04.05.12,Не найдено
http://www.yaponama.ru/searches/C224/AIKO,404,,01.05.12,Не найдено
http://www.yaponama.ru/searches/6113661SHOW1,404,,14.02.12,Не найдено
http://www.yaponama.ru/searches/0242229531/BOSCH,404,,01.04.12,Не найдено
http://www.yaponama.ru/searches/0986424481/BOSCH&fast=1,404,,04.05.12,Не найдено
http://www.yaponama.ru/info/10A1100GL/DAYCO,404,,05.05.12,Не найдено
http://www.yaponama.ru/searches/2200/GATES/1,410,,25.05.12,Не найдено
http://www.yaponama.ru/searches/30945/FEBI,404,,27.04.12,Не найдено
http://www.yaponama.ru/searches/9091901128/TOYOTA&show=1,404,,01.04.12,Не найдено
http://www.yaponama.ru/searches/LS892/PURFLUX,404,,22.05.12,Не найдено
http://www.yaponama.ru/searches/209935/NK/1,404,,17.03.12,Не найдено
http://www.yaponama.ru/info/267718381/MAZDA,404,,22.05.12,Не найдено
http://www.yaponama.ru/searches/SP00RN12YC/MOPAR,404,,25.04.12,Не найдено
http://www.yaponama.ru/searches/0850/TRUSTING&fast=1000,404,,01.03.12,Не найдено
http://www.yaponama.ru/searches/273597/VOLVO&fast=1,404,,08.05.12,Не найдено
http://www.yaponama.ru/searches/554089EGTK/EGT,404,,10.04.12,Не найдено
http://www.yaponama.ru/info/31110PH9004/HONDA,404,,15.05.12,Не найдено
http://www.yaponama.ru/info/UXK56/BERU,404,,19.05.12,Не найдено
http://www.yaponama.ru/info/19865/MAPCO,404,,14.03.12,Не найдено
http://www.yaponama.ru/searches/6133449/GIRLING,404,,04.03.12,Не найдено
http://www.yaponama.ru/searches/104400/REMSA&fast=1,404,,14.02.12,Не найдено
http://www.yaponama.ru/searches/05P101/LPR&show=1,404,,25.02.12,Не найдено
http://www.yaponama.ru/info/JRA224/TRW,404,,14.03.12,Не найдено
http://www.yaponama.ru/info/10A0880C/DAYCO,404,,15.05.12,Не найдено
http://www.yaponama.ru/searches/30650843/VOLVO&fast=1000,404,,08.05.12,Не найдено
http://www.yaponama.ru/searches/D1244/KASHIYAMA,404,,14.05.12,Не найдено
http://www.yaponama.ru/info/11720N9805/NISSAN,404,,15.05.12,Не найдено
http://www.yaponama.ru/searches/213594/ROADHOUSE&fast=1000,404,,06.03.12,Не найдено
http://www.yaponama.ru/searches/30650843/VOLVO&fast=1,404,,08.05.12,Не найдено
http://www.yaponama.ru/searches/30650843/VOLVO&show=1,404,,08.05.12,Не найдено
http://www.yaponama.ru/searches/T5021/PAGID&fast=1000,404,,03.05.12,Не найдено
http://www.yaponama.ru/searches/224760/NK,404,,24.04.12,Не найдено
http://www.yaponama.ru/searches/GDB1210/TRW,404,,16.03.12,Не найдено
http://www.yaponama.ru/searches/752514/NK/1,404,,22.02.12,Не найдено
http://www.yaponama.ru/searches/T3129/PAGID&fast=1000,404,,03.05.12,Не найдено
http://www.yaponama.ru/searches/223915/NK/1,404,,07.05.12,Не найдено
http://www.yaponama.ru/searches/T1095/PAGID&fast=1000,404,,03.05.12,Не найдено
http://www.yaponama.ru/searches/Q20U11/DENSO&fast=1000,404,,03.05.12,Не найдено
http://www.yaponama.ru/searches/M12203/SCT,404,,05.03.12,Не найдено
http://www.yaponama.ru/searches/Q20TT/DENSO&fast=1000,404,,03.05.12,Не найдено
http://www.yaponama.ru/searches/K20TXR/DENSO&fast=1000,404,,03.05.12,Не найдено
http://www.yaponama.ru/searches/Q16PRU11/DENSO&show=1,404,,19.05.12,Не найдено
http://www.yaponama.ru/searches/951083/SCANTECH&show=1,404,,13.03.12,Не найдено
http://www.yaponama.ru/searches/J3301093/NIPPARTS,404,,16.05.12,Не найдено
http://www.yaponama.ru/info/9094803011/TOYOTA,404,,12.05.12,Не найдено
http://www.yaponama.ru/info/22401HC000/NISSAN,404,,12.05.12,Не найдено
http://www.yaponama.ru/searches/GDB833/TRW&fast=1000,404,,03.05.12,Не найдено
http://www.yaponama.ru/searches/FR8DS/BOSCH&fast=1000,404,,03.05.12,Не найдено
http://www.yaponama.ru/searches/D11195M/KASHIYAMA&show=1,404,,14.05.12,Не найдено
http://www.yaponama.ru/searches/F129/CHAMPION,404,,24.04.12,Не найдено
http://www.yaponama.ru/searches/561620J/JURID&fast=1000,404,,29.04.12,Не найдено
http://www.yaponama.ru/searches/GDB1330/TRW&fast=1000,404,,03.05.12,Не найдено
http://www.yaponama.ru/searches/0520FAST1000,404,,08.03.12,Не найдено
http://www.yaponama.ru/searches/PF52/ACDELCO,404,,16.04.12,Не найдено
http://www.yaponama.ru/searches/MDB1367/MINTEX&show=1,404,,17.05.12,Не найдено
http://www.yaponama.ru/searches/P279300/WOKING&fast=1,404,,18.05.12,Не найдено
http://www.yaponama.ru/searches/407/SIMER&fast=1000,404,,05.05.12,Не найдено
http://www.yaponama.ru/searches/F08900/FEBI/1,404,,27.04.12,Не найдено
http://www.yaponama.ru/searches/407/SIMER&show=1,404,,05.05.12,Не найдено
http://www.yaponama.ru/searches/BP9083/KBP&fast=1000,404,,03.05.12,Не найдено
http://www.yaponama.ru/searches/MDB1367/MINTEX&fast=1000,404,,17.05.12,Не найдено
http://www.yaponama.ru/info/0986040011/BOSCH,404,,02.05.12,Не найдено
http://www.yaponama.ru/searches/0986568380/BOSCH,404,,25.04.12,Не найдено
http://www.yaponama.ru/searches/05P730FAST1000,404,,02.05.12,Не найдено
http://www.yaponama.ru/searches/BKR6EYA/NGK&fast=1000,404,,03.05.12,Не найдено
http://www.yaponama.ru/searches/BCP7E/NGK,404,,06.04.12,Не найдено
http://www.yaponama.ru/searches/BKR5EKUP/NGK&fast=1000,404,,03.05.12,Не найдено
http://www.yaponama.ru/searches/3159670326/MERCEDES-BENZ,404,,22.05.12,Не найдено
http://www.yaponama.ru/searches/BCPR6E/NGK&fast=1000,404,,03.05.12,Не найдено
http://www.yaponama.ru/searches/0252313019FAST1000,404,,02.05.12,Не найдено
http://www.yaponama.ru/searches/4PK780/TOP%20DRIVE,404,,15.05.12,Не найдено
http://www.yaponama.ru/searches/0510FAST1000,404,,02.05.12,Не найдено
http://www.yaponama.ru/searches/37227/ABS&show=1,404,,17.02.12,Не найдено
http://www.yaponama.ru/info/16022/FEBI,404,,02.05.12,Не найдено
http://www.yaponama.ru/searches/13046029832/ATE&show=1,404,,04.03.12,Не найдено
http://www.yaponama.ru/searches/3194/FEBI,404,,24.05.12,Не найдено
http://www.yaponama.ru/searches/43022SR3030/HONDA&fast=1,404,,09.05.12,Не найдено
http://www.yaponama.ru/searches/05P720/LPR&show=1,404,,01.03.12,Не найдено
http://www.yaponama.ru/searches/P147352/WOKING&show=1,404,,18.05.12,Не найдено
http://www.yaponama.ru/searches/101000033AB/AUDI&show=1,404,,03.03.12,Не найдено
http://www.yaponama.ru/searches/BP9066/KAVO%20PARTS,404,,26.04.12,Не найдено
http://www.yaponama.ru/searches/EON6288/CHAMPION,404,,15.05.12,Не найдено
http://www.yaponama.ru/searches/0449133091/TOYOTA&show=1,404,,29.02.12,Не найдено
http://www.yaponama.ru/searches/OE030/CHAMPION,404,,14.03.12,Не найдено
http://www.yaponama.ru/searches/4291/NGK&fast=1000,404,,09.05.12,Не найдено
http://www.yaponama.ru/searches/1122/TSN&fast=1000,404,,13.02.12,Не найдено
http://www.yaponama.ru/info/181298/ICER,404,,23.05.12,Не найдено
http://www.yaponama.ru/searches/MS1528/MASUMA&fast=1000,404,,29.02.12,Не найдено
http://www.yaponama.ru/searches/274528/VOLVO&fast=1,404,,08.05.12,Не найдено
http://www.yaponama.ru/searches/101000050AA/AUDI&show=1,404,,09.05.12,Не найдено
http://www.yaponama.ru/searches/274528/VOLVO&show=1,404,,08.05.12,Не найдено
http://www.yaponama.ru/searches/MVB1155R6/AE/1,404,,06.04.12,Не найдено
http://www.yaponama.ru/searches/OC196/KNECHT&fast=1000,404,,04.04.12,Не найдено
http://www.yaponama.ru/info/BG3812/DELPHI,404,,27.03.12,Не найдено
http://www.yaponama.ru/searches/762219/NK,404,,18.03.12,Не найдено
http://www.yaponama.ru/searches/30919812/SWAG,404,,21.03.12,Не найдено
http://www.yaponama.ru/searches/5032328/NK,404,,09.05.12,Не найдено
http://www.yaponama.ru/searches/SK16R11/DENSO&fast=1,404,,24.04.12,Не найдено
http://www.yaponama.ru/searches/MD371794SHOW1,404,,02.05.12,Не найдено
http://www.yaponama.ru/searches/1015264/FORD,404,,06.04.12,Не найдено
http://www.yaponama.ru/searches/16653/FEBI&fast=1000,404,,08.04.12,Не найдено
http://www.yaponama.ru/searches/F026000019/BOSCH,404,,06.04.12,Не найдено
http://www.yaponama.ru/searches/A5360/FLENNOR,404,,06.04.12,Не найдено
http://www.yaponama.ru/searches/0449133040/TOYOTA&fast=1,404,,29.02.12,Не найдено
http://www.yaponama.ru/searches/0451103175/BOSCH/1,404,,12.04.12,Не найдено
http://www.yaponama.ru/searches/0451103106/BOSCH/1,404,,12.04.12,Не найдено
http://www.yaponama.ru/searches/5023997/FORD,404,,06.04.12,Не найдено
http://www.yaponama.ru/searches/2200451K/METELLI&show=1,404,,07.05.12,Не найдено
http://www.yaponama.ru/searches/2890/NGK&fast=1,404,,15.02.12,Не найдено
http://www.yaponama.ru/searches/3313/BOSCH,404,,11.05.12,Не найдено
http://www.yaponama.ru/info/MVB835R4/AE,404,,22.03.12,Не найдено
http://www.yaponama.ru/searches/37033/ABS&fast=1000,404,,14.02.12,Не найдено
http://www.yaponama.ru/info/6057341/FORD,404,,15.05.12,Не найдено
http://www.yaponama.ru/searches/B15002JC/JAPAN%20CARS/1,404,,12.04.12,Не найдено
http://www.yaponama.ru/searches/2200451/METELLI&fast=1000,404,,07.05.12,Не найдено
http://www.yaponama.ru/searches/2200451/METELLI&show=1,404,,07.05.12,Не найдено
http://www.yaponama.ru/searches/4930/IPD,404,,25.03.12,Не найдено
http://www.yaponama.ru/searches/MDB1686/MINTEX,404,,24.04.12,Не найдено
http://www.yaponama.ru/searches/F122/CHAMPION,404,,22.05.12,Не найдено
http://www.yaponama.ru/searches/F026000123/BOSCH,404,,25.04.12,Не найдено
http://www.yaponama.ru/searches/VKH20/DENSO&fast=1000,404,,21.05.12,Не найдено
http://www.yaponama.ru/searches/698415003ALT/JP%20GROUP&fast=1,404,,03.05.12,Не найдено
http://www.yaponama.ru/searches/4501029/SAAB&fast=1,404,,15.02.12,Не найдено
http://www.yaponama.ru/info/2325100/UFI,404,,23.05.12,Не найдено
http://www.yaponama.ru/searches/219451952/ZIMMERMANN&show=1,404,,07.05.12,Не найдено
http://www.yaponama.ru/searches/0470KFAST1000,404,,02.05.12,Не найдено
http://www.yaponama.ru/searches/FSL1160/FERODO&fast=1,404,,19.04.12,Не найдено
http://www.yaponama.ru/searches/WR5692SHOW1,404,,02.05.12,Не найдено
http://www.yaponama.ru/searches/P034300/WOKING,404,,18.05.12,Не найдено
http://www.yaponama.ru/searches/TMK113/DELPHI,404,,21.03.12,Не найдено
http://www.yaponama.ru/searches/IFR6L11/NGK,404,,24.04.12,Не найдено
http://www.yaponama.ru/searches/P035320/WOKING&show=1,404,,18.05.12,Не найдено
http://www.yaponama.ru/searches/5690FAST1000,404,,14.02.12,Не найдено
http://www.yaponama.ru/searches/9091901116000/DAIHATSU&show=1,404,,03.05.12,Не найдено
http://www.yaponama.ru/searches/05P1331/LPR&show=1,404,,03.05.12,Не найдено
http://www.yaponama.ru/searches/7668669/FIAT&fast=1000,404,,25.04.12,Не найдено
http://www.yaponama.ru/searches/R76H/VALEO&fast=1000,404,,11.03.12,Не найдено
http://www.yaponama.ru/searches/P035320/WOKING&fast=1,404,,18.05.12,Не найдено
http://www.yaponama.ru/searches/5018900/FORD&show=1,404,,10.05.12,Не найдено
http://www.yaponama.ru/searches/87631/REMSA,404,,22.05.12,Не найдено
http://www.yaponama.ru/searches/5017814/FORD&fast=1,404,,10.05.12,Не найдено
http://www.yaponama.ru/searches/63530A/SIDEM&fast=1,404,,23.04.12,Не найдено
http://www.yaponama.ru/info/X27ESRU/DENSO,404,,17.05.12,Не найдено
http://www.yaponama.ru/info/4PK875/MASUMA,404,,19.03.12,Не найдено
http://www.yaponama.ru/searches/0252194516/MEYLE&fast=1000,404,,28.02.12,Не найдено
http://www.yaponama.ru/searches/K20TXR/DENSO&show=1,404,,05.04.12,Не найдено
http://www.yaponama.ru/info/0002345118/BERU,404,,29.04.12,Не найдено
http://www.yaponama.ru/searches/5015920/FORD&show=1,404,,10.05.12,Не найдено
http://www.yaponama.ru/searches/05P1283/LPR&fast=1000,404,,03.05.12,Не найдено
http://www.yaponama.ru/searches/GDB1223/TRW&show=1,404,,14.03.12,Не найдено
http://www.yaponama.ru/searches/0580?manufacturer=FRI.TECH.,404,,04.05.12,Не найдено
http://www.yaponama.ru/searches/BKR6EY11/NGK&fast=1000,404,,02.05.12,Не найдено
http://www.yaponama.ru/searches/0911007267/EYQUEM&fast=1,404,,04.05.12,Не найдено
http://www.yaponama.ru/searches/F136/CHAMPION,404,,18.02.12,Не найдено
http://www.yaponama.ru/info/MS851368/MITSUBISHI,410,,23.05.12,Не найдено
http://www.yaponama.ru/searches/044912B030/TOYOTA&show=1,404,,29.02.12,Не найдено
http://www.yaponama.ru/searches/77362300/FIAT&fast=1,404,,08.03.12,Не найдено
http://www.yaponama.ru/searches/PN1614V61/MAZDA&fast=1000,404,,19.05.12,Не найдено
http://www.yaponama.ru/searches/0449128360/TOYOTA&fast=1,404,,29.02.12,Не найдено
http://www.yaponama.ru/searches/OP630/FILTRON&fast=1,404,,18.05.12,Не найдено
http://www.yaponama.ru/searches/V99750027/VEMO&fast=1,404,,21.05.12,Не найдено
http://www.yaponama.ru/info/0986040350/BOSCH,404,,02.05.12,Не найдено
http://www.yaponama.ru/searches/OP589/FILTRON&show=1,404,,18.05.12,Не найдено
http://www.yaponama.ru/searches/90009372/RTS,404,,04.04.12,Не найдено
http://www.yaponama.ru/searches/V99750027/VEMO&fast=1000,404,,21.05.12,Не найдено
http://www.yaponama.ru/searches/OP589/FILTRON&fast=1000,404,,18.05.12,Не найдено
http://www.yaponama.ru/searches/OP589/FILTRON&fast=1,404,,18.05.12,Не найдено
http://www.yaponama.ru/info/0986042350/BOSCH,404,,02.05.12,Не найдено
http://www.yaponama.ru/searches/0842/FERROZ,404,,08.04.12,Не найдено
http://www.yaponama.ru/searches/OP630/FILTRON&show=1,404,,18.05.12,Не найдено
http://www.yaponama.ru/searches/36923/ABS,404,,03.04.12,Не найдено
http://www.yaponama.ru/searches/PN1614V61/MAZDA&show=1,404,,19.05.12,Не найдено
http://www.yaponama.ru/info/V300454/VEMO,404,,15.03.12,Не найдено
http://www.yaponama.ru/searches/05P1120/LPR&show=1,404,,03.05.12,Не найдено
http://www.yaponama.ru/searches/P614300/WOKING,404,,07.03.12,Не найдено
http://www.yaponama.ru/searches/N7YC,404,,02.05.12,Не найдено
http://www.yaponama.ru/searches/219451952/ZIMMERMANN&fast=1,404,,07.05.12,Не найдено
http://www.yaponama.ru/searches/V99750027/VEMO&show=1,404,,21.05.12,Не найдено
http://www.yaponama.ru/searches/VK16/DENSO&fast=1000,404,,21.05.12,Не найдено
http://www.yaponama.ru/searches/FDB1094/FERODO&fast=1,404,,15.05.12,Не найдено
http://www.yaponama.ru/searches/V99750019/VEMO&fast=1,404,,21.05.12,Не найдено
http://www.yaponama.ru/searches/08500514/BREMBO&fast=1,404,,04.05.12,Не найдено
http://www.yaponama.ru/searches/PN1424/JNBK&show=1,404,,19.05.12,Не найдено
http://www.yaponama.ru/searches/101000013AA/VOLKSWAGEN&fast=1000,404,,03.03.12,Не найдено
http://www.yaponama.ru/searches/05P104/LPR&show=1,404,,03.05.12,Не найдено
http://www.yaponama.ru/searches/101000013AA/VOLKSWAGEN&show=1,404,,03.03.12,Не найдено
http://www.yaponama.ru/info/436104/FORD,404,,24.05.12,Не найдено
http://www.yaponama.ru/searches/101000013AA/VOLKSWAGEN&fast=1,404,,03.03.12,Не найдено
http://www.yaponama.ru/searches/181948/ICER/1,410,,25.05.12,Не найдено
http://www.yaponama.ru/info/D562/BENDIX,404,,23.05.12,Не найдено
http://www.yaponama.ru/searches/GV968/BERU&fast=1000,404,,16.05.12,Не найдено
http://www.yaponama.ru/searches/GV968/BERU&show=1,404,,16.05.12,Не найдено
http://www.yaponama.ru/searches/9271/OPTIMAL&fast=1,404,,24.05.12,Не найдено
http://www.yaponama.ru/searches/87631/REMSA/1,404,,24.04.12,Не найдено
http://www.yaponama.ru/searches/05P006/LPR&fast=1000,404,,03.05.12,Не найдено
http://www.yaponama.ru/searches/E66HSHOW1,404,,02.05.12,Не найдено
http://www.yaponama.ru/searches/8671002038/RENAULT,404,,24.05.12,Не найдено
http://www.yaponama.ru/searches/H14W08/HENGST&fast=1000,404,,16.05.12,Не найдено
http://www.yaponama.ru/info/T1106/PAGID,404,,23.05.12,Не найдено
http://www.yaponama.ru/searches/LP979/DELPHI&fast=1,404,,17.05.12,Не найдено
http://www.yaponama.ru/searches/PN1324/NIBK&fast=1,404,,19.05.12,Не найдено
http://www.yaponama.ru/searches/101000005AA/VOLKSWAGEN&show=1,404,,03.03.12,Не найдено
http://www.yaponama.ru/searches/60533516/FIAT&fast=1000,404,,22.04.12,Не найдено
http://www.yaponama.ru/searches/PN1324/JNBK&show=1,404,,19.05.12,Не найдено
http://www.yaponama.ru/searches/PN1324/AIKO&show=1,404,,19.05.12,Не найдено
http://www.yaponama.ru/searches/PN1324/NIBK&show=1,404,,19.05.12,Не найдено
http://www.yaponama.ru/searches/77362187/FIAT&show=1,404,,24.04.12,Не найдено
http://www.yaponama.ru/searches/792588/FIAT&fast=1000,404,,24.04.12,Не найдено
http://www.yaponama.ru/searches/792588/FIAT&show=1,404,,24.04.12,Не найдено
http://www.yaponama.ru/info/D9/DENSO,404,,08.05.12,Не найдено
http://www.yaponama.ru/searches/RC89TMC/CHAMPION,404,,02.04.12,Не найдено
http://www.yaponama.ru/searches/793382/FIAT&show=1,404,,24.04.12,Не найдено
http://www.yaponama.ru/searches/1500A023/PEKO,404,,10.05.12,Не найдено
http://www.yaponama.ru/searches/05P614/LPR&show=1,404,,01.03.12,Не найдено
http://www.yaponama.ru/searches/PN1324/AIKO&fast=1000,404,,19.05.12,Не найдено
http://www.yaponama.ru/searches/571879J/JURID&fast=1000,404,,10.05.12,Не найдено
http://www.yaponama.ru/searches/571879J/JURID&show=1,404,,10.05.12,Не найдено
http://www.yaponama.ru/searches/T5095/PAGID&show=1,404,,01.05.12,Не найдено
http://www.yaponama.ru/searches/7685362/FIAT&fast=1,404,,24.04.12,Не найдено
http://www.yaponama.ru/info/002420192005/MERCEDES-BENZ,404,,26.04.12,Не найдено
http://www.yaponama.ru/searches/311/CHAMPION&fast=1,404,,14.04.12,Не найдено
http://www.yaponama.ru/searches/43702SK/SK/1,404,,13.03.12,Не найдено
http://www.yaponama.ru/searches/25014/BREMI&fast=1000,404,,08.05.12,Не найдено
http://www.yaponama.ru/searches/7707/DORMAN&fast=1000,404,,24.04.12,Не найдено
http://www.yaponama.ru/searches/MB573783?manufacturer=HYUNDAI+%2F+KIA,404,,12.04.12,Не найдено
http://www.yaponama.ru/searches/25014/BREMI&show=1,404,,08.05.12,Не найдено
http://www.yaponama.ru/searches/AR73C/SCT,404,,22.04.12,Не найдено
http://www.yaponama.ru/searches/0842/TRUSTING,404,,31.03.12,Не найдено
http://www.yaponama.ru/searches/571419J/JURID&fast=1000,404,,10.05.12,Не найдено
http://www.yaponama.ru/searches/571419J/JURID&show=1,404,,10.05.12,Не найдено
http://www.yaponama.ru/searches/OE080/CHAMPION&show=1,404,,18.05.12,Не найдено
http://www.yaponama.ru/searches/571521JAS/JURID&fast=1000,404,,10.05.12,Не найдено
http://www.yaponama.ru/searches/792588/FIAT&fast=1,404,,14.03.12,Не найдено
http://www.yaponama.ru/searches/571521JAS/JURID&show=1,404,,10.05.12,Не найдено
http://www.yaponama.ru/searches/0730FAST1000,404,,08.03.12,Не найдено
http://www.yaponama.ru/searches/16008/FEBI&fast=1000,404,,08.04.12,Не найдено
http://www.yaponama.ru/searches/571347J/JURID&fast=1,404,,10.05.12,Не найдено
http://www.yaponama.ru/searches/BR73C1/SCT&fast=1000,404,,14.05.12,Не найдено
http://www.yaponama.ru/info/A0031591403/MERCEDES-BENZ,404,,26.04.12,Не найдено
http://www.yaponama.ru/searches/571402J/JURID&fast=1000,404,,10.05.12,Не найдено
http://www.yaponama.ru/searches/1560187310/TOYOTA,404,,08.04.12,Не найдено
http://www.yaponama.ru/searches/VKBA3637/SKF&show=1,404,,01.05.12,Не найдено
http://www.yaponama.ru/searches/OE080/CHAMPION&fast=1,404,,18.05.12,Не найдено
http://www.yaponama.ru/searches/MPMF1420/MITSUBOSHI&show=1,404,,22.04.12,Не найдено
http://www.yaponama.ru/searches/OE080/CHAMPION&fast=1000,404,,18.05.12,Не найдено
http://www.yaponama.ru/searches/217120/ROADHOUSE&fast=1000,404,,07.05.12,Не найдено
http://www.yaponama.ru/searches/BCPR5EY11/NGK&fast=1000,404,,04.04.12,Не найдено
http://www.yaponama.ru/searches/0760/TRUSTING&show=1,404,,04.05.12,Не найдено
http://www.yaponama.ru/searches/217120/ROADHOUSE&show=1,404,,07.05.12,Не найдено
http://www.yaponama.ru/searches/571347J/JURID&fast=1000,404,,10.05.12,Не найдено
http://www.yaponama.ru/searches/0760/TRUSTING&fast=1000,404,,04.05.12,Не найдено
http://www.yaponama.ru/searches/5004736/NK/1,404,,28.02.12,Не найдено
http://www.yaponama.ru/searches/0730/TRUSTING&fast=1,404,,04.05.12,Не найдено
http://www.yaponama.ru/searches/S1H17/FRIXA,404,,25.04.12,Не найдено
http://www.yaponama.ru/searches/0730/TRUSTING&fast=1000,404,,04.05.12,Не найдено
http://www.yaponama.ru/searches/102372/SCANTECH,404,,03.05.12,Не найдено
http://www.yaponama.ru/searches/0242235797/BOSCH&fast=1,404,,01.05.12,Не найдено
http://www.yaponama.ru/searches/0242235797/BOSCH&fast=1000,404,,01.05.12,Не найдено
http://www.yaponama.ru/searches/980795617V/HONDA&fast=1000,404,,20.02.12,Не найдено
http://www.yaponama.ru/searches/BD7539/LYNXAUTO,404,,25.03.12,Не найдено
http://www.yaponama.ru/info/7537/NGK,404,,09.05.12,Не найдено
http://www.yaponama.ru/searches/0986424209/BOSCH/1,404,,22.04.12,Не найдено
http://www.yaponama.ru/info/9934100860/TOYOTA,404,,15.05.12,Не найдено
http://www.yaponama.ru/info/9952110855/TOYOTA,404,,15.05.12,Не найдено
http://www.yaponama.ru/searches/5010913/FORD&show=1,404,,10.05.12,Не найдено
http://www.yaponama.ru/info/9932150855/TOYOTA,404,,15.05.12,Не найдено
http://www.yaponama.ru/searches/0649020/OPEL&fast=1,404,,04.05.12,Не найдено
http://www.yaponama.ru/searches/66602/REMSA,404,,08.05.12,Не найдено
http://www.yaponama.ru/searches/224727FAST1000,404,,02.05.12,Не найдено
http://www.yaponama.ru/searches/5010965/FORD&fast=1000,404,,10.05.12,Не найдено
http://www.yaponama.ru/searches/MVB1150R6/AE,404,,08.03.12,Не найдено
http://www.yaponama.ru/searches/T5050/PAGID,404,,04.05.12,Не найдено
http://www.yaponama.ru/searches/A2N031FAST1,404,,29.04.12,Не найдено
http://www.yaponama.ru/searches/T5051/PAGID&show=1,404,,01.05.12,Не найдено
http://www.yaponama.ru/searches/0649020/OPEL&show=1,404,,04.05.12,Не найдено
http://www.yaponama.ru/info/9091602049/TOYOTA,404,,15.05.12,Не найдено
http://www.yaponama.ru/searches/698290001ALT/JP%20GROUP&fast=1,404,,25.04.12,Не найдено
http://www.yaponama.ru/searches/21105/TSN/1,404,,14.03.12,Не найдено
http://www.yaponama.ru/searches/4730/REMSA&show=1,404,,24.04.12,Не найдено
http://www.yaponama.ru/searches/6111032/GIRLING&show=1,404,,04.05.12,Не найдено
http://www.yaponama.ru/searches/698290001ALT/JP%20GROUP&fast=1000,404,,25.04.12,Не найдено
http://www.yaponama.ru/searches/6111032/GIRLING&fast=1,404,,04.05.12,Не найдено
http://www.yaponama.ru/info/A0031595603/MERCEDES-BENZ,404,,26.04.12,Не найдено
http://www.yaponama.ru/searches/0351/TRUSTING&show=1,404,,03.05.12,Не найдено
http://www.yaponama.ru/searches/0351/TRUSTING&fast=1000,404,,03.05.12,Не найдено
http://www.yaponama.ru/searches/T1095/PAGID&fast=1,404,,01.05.12,Не найдено
http://www.yaponama.ru/searches/0649020/OPEL&fast=1000,404,,04.05.12,Не найдено
http://www.yaponama.ru/searches/638181/ROULUNDS/1,404,,08.04.12,Не найдено
http://www.yaponama.ru/searches/0101075SX/STELLOX&fast=1000,404,,08.04.12,Не найдено
http://www.yaponama.ru/searches/2138802/TEXTAR&fast=1,404,,07.05.12,Не найдено
http://www.yaponama.ru/searches/9091901169/TOYOTA&show=1,404,,11.05.12,Не найдено
http://www.yaponama.ru/searches/213511/ROADHOUSE&fast=1,404,,07.05.12,Не найдено
http://www.yaponama.ru/searches/2402401/TEXTAR&fast=1000,404,,06.04.12,Не найдено
http://www.yaponama.ru/searches/213511/ROADHOUSE&show=1,404,,07.05.12,Не найдено
http://www.yaponama.ru/searches/5810129A40?manufacturer=HYUNDAI+%2F+KIA,404,,04.05.12,Не найдено
http://www.yaponama.ru/searches/PK16PR114/DENSO&show=1,404,,19.05.12,Не найдено
http://www.yaponama.ru/searches/OE059/CHAMPION,404,,06.04.12,Не найдено
http://www.yaponama.ru/searches/OE179R04/CHAMPION,404,,21.04.12,Не найдено
http://www.yaponama.ru/searches/65/AUTOLITE&show=1,404,,24.04.12,Не найдено
http://www.yaponama.ru/searches/K20PU/DENSO&show=1,404,,01.05.12,Не найдено
http://www.yaponama.ru/searches/5471643160?manufacturer=HYUNDAI+%2F+KIA,404,,04.05.12,Не найдено
http://www.yaponama.ru/searches/05P1234/LPR&fast=1,404,,07.03.12,Не найдено
http://www.yaponama.ru/searches/2630035503?manufacturer=HYUNDAI+%2F+KIA,404,,04.05.12,Не найдено
http://www.yaponama.ru/searches/PK16PR114/DENSO&fast=1000,404,,19.05.12,Не найдено
http://www.yaponama.ru/searches/GDB317/TRW&fast=1,404,,01.05.12,Не найдено
http://www.yaponama.ru/searches/SS515/SCT,404,,16.04.12,Не найдено
http://www.yaponama.ru/searches/OC983/MAHLE&fast=1000,404,,18.05.12,Не найдено
http://www.yaponama.ru/searches/A5152/FLENNOR/1,404,,18.05.12,Не найдено
http://www.yaponama.ru/searches/OC983/KNECHT&fast=1,404,,18.05.12,Не найдено
http://www.yaponama.ru/info/MDB1906/MINTEX,404,,24.03.12,Не найдено
http://www.yaponama.ru/searches/1882311101/KIA&fast=1,404,,17.02.12,Не найдено
http://www.yaponama.ru/searches/3922035710?manufacturer=HYUNDAI+%2F+KIA,404,,04.05.12,Не найдено
http://www.yaponama.ru/searches/986468873/BOSCH/1,404,,18.05.12,Не найдено
http://www.yaponama.ru/searches/PK16PR114/DENSO&fast=1,404,,19.05.12,Не найдено
http://www.yaponama.ru/searches/R0587/LEX&fast=1,404,,12.03.12,Не найдено
http://www.yaponama.ru/searches/5810138A60?manufacturer=HYUNDAI+%2F+KIA,404,,04.05.12,Не найдено
http://www.yaponama.ru/searches/C415/VIC&fast=1000,404,,01.05.12,Не найдено
http://www.yaponama.ru/searches/12122158252/BMW&fast=1,404,,24.04.12,Не найдено
http://www.yaponama.ru/searches/120902/REMSA&show=1,404,,24.04.12,Не найдено
http://www.yaponama.ru/searches/2205/FERROZ&fast=1,404,,13.02.12,Не найдено
http://www.yaponama.ru/info/8941316290/ISUZU,404,,04.05.12,Не найдено
http://www.yaponama.ru/info/T3091/PAGID,404,,20.05.12,Не найдено
http://www.yaponama.ru/searches/GDB403/TRW/1,404,,21.04.12,Не найдено
http://www.yaponama.ru/searches/520101090,404,,17.02.12,Не найдено
http://www.yaponama.ru/info/05P1247/LPR,404,,22.05.12,Не найдено
http://www.yaponama.ru/searches/598330/VALEO&fast=1,404,,09.03.12,Не найдено
http://www.yaponama.ru/searches/53912/PAGID/1,404,,24.04.12,Не найдено
http://www.yaponama.ru/searches/12122158252/BMW&fast=1000,404,,24.04.12,Не найдено
http://www.yaponama.ru/info/PAW00AF/JAPANPARTS,404,,20.05.12,Не найдено
http://www.yaponama.ru/info/05P1033/LPR,404,,21.05.12,Не найдено
http://www.yaponama.ru/searches/F107/CHAMPION,404,,25.04.12,Не найдено
http://www.yaponama.ru/searches/IW31fast1000,404,,07.03.12,Не найдено
http://www.yaponama.ru/info/FDB1108/FERODO,404,,20.05.12,Не найдено
http://www.yaponama.ru/info/5581060F10/SUZUKI,404,,20.05.12,Не найдено
http://www.yaponama.ru/info/5581060F03/SUZUKI,404,,20.05.12,Не найдено
http://www.yaponama.ru/info/202250/NK,404,,12.05.12,Не найдено
http://www.yaponama.ru/info/5581060F03000/SUZUKI,404,,20.05.12,Не найдено
http://www.yaponama.ru/searches/1004F/GOODWILL&fast=1000,404,,02.03.12,Не найдено
http://www.yaponama.ru/info/5034757/NK,404,,14.05.12,Не найдено
http://www.yaponama.ru/searches/PH4558/FRAM&fast=1,404,,19.05.12,Не найдено
http://www.yaponama.ru/searches/22401AA530/SUBARU&show=1,404,,16.02.12,Не найдено
http://www.yaponama.ru/info/224760/NK,404,,12.05.12,Не найдено
http://www.yaponama.ru/searches/1906401/IVECO,404,,19.04.12,Не найдено
http://www.yaponama.ru/searches/0471/TRUSTING&fast=1000,404,,03.05.12,Не найдено
http://www.yaponama.ru/searches/0471/TRUSTING&fast=1,404,,03.05.12,Не найдено
http://www.yaponama.ru/searches/MH014034/MITSUBISHI&fast=1000,404,,20.02.12,Не найдено
http://www.yaponama.ru/searches/0471/TRUSTING&show=1,404,,03.05.12,Не найдено
http://www.yaponama.ru/searches/MD310294SHOW1,404,,18.04.12,Не найдено
http://www.yaponama.ru/searches/14FGH7DTURX/BERU,404,,19.04.12,Не найдено
http://www.yaponama.ru/info/551/SIMER,404,,12.05.12,Не найдено
http://www.yaponama.ru/searches/P481380/WOKING,404,,02.04.12,Не найдено
http://www.yaponama.ru/searches/P3828/FRAM&fast=1000,404,,05.05.12,Не найдено
http://www.yaponama.ru/searches/101000001AB/AUDI&fast=1000,404,,27.02.12,Не найдено
http://www.yaponama.ru/searches/PGD905C/RAYBESTOS&fast=1000,404,,18.05.12,Не найдено
http://www.yaponama.ru/searches/72920/MAFF&show=1,404,,19.04.12,Не найдено
http://www.yaponama.ru/searches/0451103303/BOSCH&show=1,404,,03.05.12,Не найдено
http://www.yaponama.ru/info/22993/FEBI,404,,22.03.12,Не найдено
http://www.yaponama.ru/searches/71736158/FIAT,404,,19.04.12,Не найдено
http://www.yaponama.ru/info/223728/NK,404,,13.05.12,Не найдено
http://www.yaponama.ru/searches/G0667/OPTIMAL,404,,23.02.12,Не найдено
http://www.yaponama.ru/searches/Q20U11/DENSO&fast=1,404,,01.05.12,Не найдено
http://www.yaponama.ru/searches/K273/CHAMPION,404,,10.04.12,Не найдено
http://www.yaponama.ru/info/JRA548/TRW,404,,15.05.12,Не найдено
http://www.yaponama.ru/searches/4892520AB/MOPAR,404,,16.04.12,Не найдено
http://www.yaponama.ru/searches/5013616/NK/1,404,,06.04.12,Не найдено
http://www.yaponama.ru/searches/08P46SNB600show1,404,,07.03.12,Не найдено
http://www.yaponama.ru/searches/435120E020/TOYOTA,404,,25.04.12,Не найдено
http://www.yaponama.ru/searches/222633/NK,404,,09.04.12,Не найдено
http://www.yaponama.ru/searches/6190831/FORD&show=1,404,,01.05.12,Не найдено
http://www.yaponama.ru/searches/1J0698151C/VOLKSWAGEN&fast=1000,404,,05.05.12,Не найдено
http://www.yaponama.ru/info/15208KA010/SUBARU,404,,23.05.12,Не найдено
http://www.yaponama.ru/info/05P811/LPR,404,,15.05.12,Не найдено
http://www.yaponama.ru/searches/REWP2090/MOOG&fast=1000,404,,03.05.12,Не найдено
http://www.yaponama.ru/searches/25472/LEMFORDER/1,404,,21.05.12,Не найдено
http://www.yaponama.ru/searches/08500510/BREMBO/1,410,,27.05.12,Не найдено
http://www.yaponama.ru/searches/GDB3235/TRW&fast=1,404,,01.05.12,Не найдено
http://www.yaponama.ru/info/T1038/PAGID,404,,23.05.12,Не найдено
http://www.yaponama.ru/searches/224716/NK/1,404,,17.03.12,Не найдено
http://www.yaponama.ru/searches/0449187727000/TOYOTA,404,,03.05.12,Не найдено
http://www.yaponama.ru/info/647/SIMER,410,,27.05.12,Не найдено
http://www.yaponama.ru/searches/0960/QUICK%20BRAKE,404,,08.04.12,Не найдено
http://www.yaponama.ru/searches/2213/TRUSTING,404,,09.04.12,Не найдено
http://www.yaponama.ru/searches/PN2466/AIKO&show=1,404,,01.05.12,Не найдено
http://www.yaponama.ru/searches/PK1233/NIBK&fast=1,404,,01.05.12,Не найдено
http://www.yaponama.ru/searches/30160600038/MEYLE,404,,16.04.12,Не найдено
http://www.yaponama.ru/searches/GA35952/SNR/1,404,,12.05.12,Не найдено
http://www.yaponama.ru/searches/GDB1067/TRW&fast=1,404,,01.05.12,Не найдено
http://www.yaponama.ru/searches/2134200/ROADHOUSE,404,,19.04.12,Не найдено
http://www.yaponama.ru/info/SP189/SCT,404,,11.05.12,Не найдено
http://www.yaponama.ru/searches/571309J/JURID&fast=1,404,,05.05.12,Не найдено
http://www.yaponama.ru/searches/7701460640/RENAULT,404,,15.03.12,Не найдено
http://www.yaponama.ru/info/0446648060/TOYOTA,404,,09.05.12,Не найдено
http://www.yaponama.ru/searches/AD21098/SCHNIEDER/1,404,,19.03.12,Не найдено
http://www.yaponama.ru/searches/425362?manufacturer=PEUGEOT+%2F+CITROEN,404,,04.05.12,Не найдено
http://www.yaponama.ru/searches/KK11010/JAPANPARTS,404,,26.04.12,Не найдено
http://www.yaponama.ru/searches/8671002036/RENAULT,404,,30.03.12,Не найдено
http://www.yaponama.ru/searches/644281/ROULUNDS/1,404,,12.05.12,Не найдено
http://www.yaponama.ru/searches/L87YC/CHAMPION,404,,25.03.12,Не найдено
http://www.yaponama.ru/searches/2313001/TEXTAR&fast=1000,404,,05.05.12,Не найдено
http://www.yaponama.ru/searches/2425/EDEX,404,,26.03.12,Не найдено
http://www.yaponama.ru/searches/OP6991/FILTRON,404,,23.04.12,Не найдено
http://www.yaponama.ru/searches/LP523/DELPHI/1,404,,01.05.12,Не найдено
http://www.yaponama.ru/info/0211706039/NISSAN,404,,09.04.12,Не найдено
http://www.yaponama.ru/info/PN0798/NIBK,404,,20.05.12,Не найдено
http://www.yaponama.ru/info/WV52M82/TAMA,404,,12.05.12,Не найдено
http://www.yaponama.ru/searches/0986424542/BOSCH,404,,28.04.12,Не найдено
http://www.yaponama.ru/searches/SVB131050/AE,404,,26.04.12,Не найдено
http://www.yaponama.ru/info/GDB3426/TRW,404,,24.05.12,Не найдено
http://www.yaponama.ru/searches/598009/VALEO&fast=1,404,,30.04.12,Не найдено
http://www.yaponama.ru/info/05494/FEBI,404,,15.05.12,Не найдено
http://www.yaponama.ru/searches/598009/VALEO&show=1,404,,30.04.12,Не найдено
http://www.yaponama.ru/searches/0002335715/BERU,404,,12.04.12,Не найдено
http://www.yaponama.ru/info/203246/NK,404,,11.05.12,Не найдено
http://www.yaponama.ru/searches/5032544/NK/1,404,,04.04.12,Не найдено
http://www.yaponama.ru/info/181005/ICER,404,,22.05.12,Не найдено
http://www.yaponama.ru/searches/MDC502/MINTEX/1,404,,08.05.12,Не найдено
http://www.yaponama.ru/searches/9036943008/VOLKSWAGEN,404,,26.04.12,Не найдено
http://www.yaponama.ru/searches/058030SX/STELLOX&fast=1000,404,,22.04.12,Не найдено
http://www.yaponama.ru/searches/0446530271/TOYOTA&fast=1,404,,22.04.12,Не найдено
http://www.yaponama.ru/searches/0241243501/BOSCH/1,404,,03.05.12,Не найдено
http://www.yaponama.ru/searches/9091901218/TOYOTA&fast=1000,404,,22.04.12,Не найдено
http://www.yaponama.ru/searches/E010X1050JC/JAPAN%20CARS/1,404,,07.05.12,Не найдено
http://www.yaponama.ru/info/59363HPS/MAPCO,404,,22.03.12,Не найдено
http://www.yaponama.ru/searches/208891731/ZIMMERMANN/1,404,,19.05.12,Не найдено
http://www.yaponama.ru/info/63912/PAGID,404,,24.05.12,Не найдено
http://www.yaponama.ru/searches/0986494102/BOSCH&fast=1,404,,22.04.12,Не найдено
http://www.yaponama.ru/searches/0446530110/TOYOTA&fast=1000,404,,22.04.12,Не найдено
http://www.yaponama.ru/searches/425430?manufacturer=PEUGEOT+%2F+CITROEN,404,,25.04.12,Не найдено
http://www.yaponama.ru/searches/18285/LEMFORDER,404,,11.04.12,Не найдено
http://www.yaponama.ru/info/PN1217/JNBK,404,,22.05.12,Не найдено
http://www.yaponama.ru/searches/P24034/BREMBO,404,,15.05.12,Не найдено
http://www.yaponama.ru/searches/100000001101AD/DELLO/1,404,,03.05.12,Не найдено
http://www.yaponama.ru/info/5PK970/GATES,404,,18.05.12,Не найдено
http://www.yaponama.ru/info/GDB1261/TRW,404,,22.05.12,Не найдено
http://www.yaponama.ru/searches/MKD957/MORSE,404,,02.04.12,Не найдено
http://www.yaponama.ru/info/224716/NK,404,,11.05.12,Не найдено
http://www.yaponama.ru/searches/JTE362/TRW&fast=1,404,,01.05.12,Не найдено
http://www.yaponama.ru/searches/478981/ROULUNDS/1,404,,10.05.12,Не найдено
http://www.yaponama.ru/searches/0242229797/BOSCH&fast=1000,404,,01.05.12,Не найдено
http://www.yaponama.ru/searches/FR931625/FLENNOR,404,,28.04.12,Не найдено
http://www.yaponama.ru/info/22169/TSN,404,,14.05.12,Не найдено
http://www.yaponama.ru/searches/OE027/CHAMPION,404,,14.03.12,Не найдено
http://www.yaponama.ru/searches/Q20TT/DENSO&show=1,404,,01.05.12,Не найдено
http://www.yaponama.ru/searches/230117/METELLI/1,404,,19.03.12,Не найдено
http://www.yaponama.ru/searches/BKR6ES/NGK&fast=1,404,,01.05.12,Не найдено
http://www.yaponama.ru/searches/0242229797/BOSCH&fast=1,404,,01.05.12,Не найдено
http://www.yaponama.ru/info/224753/NK,404,,12.05.12,Не найдено
http://www.yaponama.ru/searches/Z23/BERU&show=1,404,,01.05.12,Не найдено
http://www.yaponama.ru/info/702/SIMER,404,,12.05.12,Не найдено
http://www.yaponama.ru/searches/Z41/BERU/1,404,,28.04.12,Не найдено
http://www.yaponama.ru/searches/300603376/HANS%20PRIES/1,404,,13.05.12,Не найдено
http://www.yaponama.ru/searches/J1313006/NIPPARTS&fast=1,404,,03.05.12,Не найдено
http://www.yaponama.ru/searches/14FR8LDU4/BERU&fast=1,404,,16.02.12,Не найдено
http://www.yaponama.ru/searches/D0K95K15909/DONGIL,404,,30.04.12,Не найдено
http://www.yaponama.ru/searches/9356/OPTIMAL&fast=1000,404,,28.04.12,Не найдено
http://www.yaponama.ru/searches/UN101150/GP-GERMAN%20PARTS/1,404,,03.05.12,Не найдено
http://www.yaponama.ru/searches/01195/SEINTEX/1,410,,24.05.12,Не найдено
http://www.yaponama.ru/searches/D7AC/BOSCH&fast=1,404,,12.03.12,Не найдено
http://www.yaponama.ru/searches/493081/ROULUNDS/1,404,,12.05.12,Не найдено
http://www.yaponama.ru/searches/R060003CR/NAKAMOTO,404,,30.04.12,Не найдено
http://www.yaponama.ru/info/2310200/UFI,404,,20.05.12,Не найдено
http://www.yaponama.ru/searches/GDB854/TRW,404,,13.04.12,Не найдено
http://www.yaponama.ru/searches/2210/KOYO&show=1,404,,09.04.12,Не найдено
http://www.yaponama.ru/searches/290873/OCAP,404,,07.05.12,Не найдено
http://www.yaponama.ru/searches/202574/NK&fast=1000,404,,09.04.12,Не найдено
http://www.yaponama.ru/info/OC25/MAHLE,404,,18.05.12,Не найдено
http://www.yaponama.ru/info/11720N9800/NISSAN,404,,23.05.12,Не найдено
http://www.yaponama.ru/searches/2210/KOYO&fast=1,404,,09.04.12,Не найдено
http://www.yaponama.ru/searches/2204/NSK&show=1,404,,09.04.12,Не найдено
http://www.yaponama.ru/info/JRA511/TRW,404,,15.05.12,Не найдено
http://www.yaponama.ru/info/0950358/OPEL,404,,23.05.12,Не найдено
http://www.yaponama.ru/searches/5675/NGK&fast=1000,404,,18.04.12,Не найдено
http://www.yaponama.ru/info/BP2019/KAVO%20PARTS,404,,12.05.12,Не найдено
http://www.yaponama.ru/info/808/SIMER,404,,10.05.12,Не найдено
http://www.yaponama.ru/searches/08888/FEBI&fast=1,404,,09.04.12,Не найдено
http://www.yaponama.ru/searches/0155212030/MEYLE/1,404,,04.05.12,Не найдено
http://www.yaponama.ru/searches/02530/REMSA&show=1,404,,03.05.12,Не найдено
http://www.yaponama.ru/searches/7701349038/RENAULT,404,,23.05.12,Не найдено
http://www.yaponama.ru/searches/044650K090/TOYOTA&fast=1000,404,,23.02.12,Не найдено
http://www.yaponama.ru/info/633831/KYB,404,,15.05.12,Не найдено
http://www.yaponama.ru/searches/2876/NGK&show=1,404,,04.03.12,Не найдено
http://www.yaponama.ru/info/37053/ABS,404,,12.05.12,Не найдено
http://www.yaponama.ru/info/2240127N66/NISSAN,404,,12.05.12,Не найдено
http://www.yaponama.ru/searches/WY304/WUNDER/1,404,,15.03.12,Не найдено
http://www.yaponama.ru/searches/221022/NK/1,404,,09.04.12,Не найдено
http://www.yaponama.ru/info/223016/NK,404,,11.05.12,Не найдено
http://www.yaponama.ru/info/4R355/SCT,404,,14.05.12,Не найдено
http://www.yaponama.ru/searches/225216/NK/1,404,,31.03.12,Не найдено
http://www.yaponama.ru/searches/2716033/VOLVO&fast=1,404,,30.04.12,Не найдено
http://www.yaponama.ru/searches/MS851358fast1,404,,15.03.12,Не найдено
http://www.yaponama.ru/searches/S12P/JANMOR,404,,02.05.12,Не найдено
http://www.yaponama.ru/searches/MFR503/MINTEX,404,,02.05.12,Не найдено
http://www.yaponama.ru/searches/0446505221SHOW1,404,,30.04.12,Не найдено
http://www.yaponama.ru/info/819862/VALEO,404,,02.05.12,Не найдено
http://www.yaponama.ru/info/43022SV4G02/HONDA,404,,12.05.12,Не найдено
http://www.yaponama.ru/searches/0242229626/BOSCH&fast=1,404,,04.03.12,Не найдено
http://www.yaponama.ru/searches/0252078418/MEYLE&show=1,404,,05.03.12,Не найдено
http://www.yaponama.ru/searches/986494054/BOSCH/1,404,,04.03.12,Не найдено
http://www.yaponama.ru/searches/2125/TSN&fast=1,404,,09.04.12,Не найдено
http://www.yaponama.ru/info/3517980/VOLVO,404,,12.05.12,Не найдено
http://www.yaponama.ru/searches/2203/KOYO&show=1,404,,09.04.12,Не найдено
http://www.yaponama.ru/searches/16340/FEBI&show=1,404,,09.04.12,Не найдено
http://www.yaponama.ru/searches/22134/FEBI&fast=1,404,,09.04.12,Не найдено
http://www.yaponama.ru/searches/281339/OCAP/1,404,,18.04.12,Не найдено
http://www.yaponama.ru/searches/5637/SIDEM&fast=1,404,,06.05.12,Не найдено
http://www.yaponama.ru/searches/5017814/FORD&show=1,404,,10.05.12,Не найдено
http://www.yaponama.ru/searches/5637/SIDEM&show=1,404,,06.05.12,Не найдено
http://www.yaponama.ru/searches/OC66/MAHLE,404,,09.04.12,Не найдено
http://www.yaponama.ru/searches/224748/NK/1,404,,07.05.12,Не найдено
http://www.yaponama.ru/info/5007040/FORD,404,,18.03.12,Не найдено
http://www.yaponama.ru/searches/571357J/JURID/1,404,,18.05.12,Не найдено
http://www.yaponama.ru/info/16285/FEBI,404,,15.05.12,Не найдено
http://www.yaponama.ru/searches/14085/LEMFORDER/1,404,,18.04.12,Не найдено
http://www.yaponama.ru/searches/37067/ABS&fast=1000,404,,05.03.12,Не найдено
http://www.yaponama.ru/info/08500510/BREMBO,410,,25.05.12,Не найдено
http://www.yaponama.ru/searches/690581,404,,18.04.12,Не найдено
http://www.yaponama.ru/info/05P627/LPR,404,,19.05.12,Не найдено
http://www.yaponama.ru/searches/F02951/FEBI/1,404,,29.04.12,Не найдено
http://www.yaponama.ru/info/Z105/WP,404,,25.04.12,Не найдено
http://www.yaponama.ru/info/CEM12/CTR,404,,13.05.12,Не найдено
http://www.yaponama.ru/searches/7553/NGK&fast=1000,404,,26.04.12,Не найдено
http://www.yaponama.ru/info/37209/ABS,404,,12.05.12,Не найдено
http://www.yaponama.ru/searches/224549/NK,404,,13.03.12,Не найдено
http://www.yaponama.ru/searches/SP215/SCT,404,,15.04.12,Не найдено
http://www.yaponama.ru/searches/C1011FAST1000,404,,26.02.12,Не найдено
http://www.yaponama.ru/searches/5004756/NK/1,404,,28.02.12,Не найдено
http://www.yaponama.ru/searches/986478470/BOSCH/1,404,,20.05.12,Не найдено
http://www.yaponama.ru/info/SP372/SCT,404,,13.05.12,Не найдено
http://www.yaponama.ru/searches/220802/ROADHOUSE/1,404,,20.05.12,Не найдено
http://www.yaponama.ru/searches/Z38/BERU/1,404,,28.04.12,Не найдено
http://www.yaponama.ru/info/GDB1389/TRW,404,,24.05.12,Не найдено
http://www.yaponama.ru/searches/1510/NISSAN&fast=1000,404,,05.05.12,Не найдено
http://www.yaponama.ru/searches/05P660/LPR&fast=1000,404,,05.05.12,Не найдено
http://www.yaponama.ru/searches/1987431097/BOSCH/1,404,,15.03.12,Не найдено
http://www.yaponama.ru/info/05P1121/LPR,404,,17.03.12,Не найдено
http://www.yaponama.ru/searches/05P660/LPR&fast=1,404,,05.05.12,Не найдено
http://www.yaponama.ru/info/5102216/ASHIKA,404,,24.03.12,Не найдено
http://www.yaponama.ru/searches/6150/TRUSTING/1,404,,20.05.12,Не найдено
http://www.yaponama.ru/searches/W24EPU/DENSO&fast=1,404,,27.04.12,Не найдено
http://www.yaponama.ru/searches/FDB1094fast1,404,,07.03.12,Не найдено
http://www.yaponama.ru/searches/804706/NK/1,404,,11.05.12,Не найдено
http://www.yaponama.ru/info/36418/ABS,404,,12.05.12,Не найдено
http://www.yaponama.ru/info/4PK855/MASUMA,404,,19.03.12,Не найдено
http://www.yaponama.ru/info/37370/ABS,404,,13.05.12,Не найдено
http://www.yaponama.ru/info/SM196/SCT,404,,12.05.12,Не найдено
http://www.yaponama.ru/info/MD319023/MITSUBISHI,404,,12.05.12,Не найдено
http://www.yaponama.ru/searches/PF9/ACDELCO/1,404,,11.04.12,Не найдено
http://www.yaponama.ru/searches/61368734/NK/1,404,,11.04.12,Не найдено
http://www.yaponama.ru/info/JAR1053/TRW,404,,12.05.12,Не найдено
http://www.yaponama.ru/searches/D40608H385/INFINITI/1,404,,11.04.12,Не найдено
http://www.yaponama.ru/info/181521/ICER,404,,22.05.12,Не найдено
http://www.yaponama.ru/info/37677/ABS,404,,13.05.12,Не найдено
http://www.yaponama.ru/info/CT941/CONTITECH,404,,12.05.12,Не найдено
http://www.yaponama.ru/searches/0490SHOW1,404,,13.02.12,Не найдено
http://www.yaponama.ru/searches/235051/BOSAL,404,,03.04.12,Не найдено
http://www.yaponama.ru/searches/78180/MAFF/1,404,,20.05.12,Не найдено
http://www.yaponama.ru/info/SP227/SCT,404,,11.05.12,Не найдено
http://www.yaponama.ru/searches/140488N/PEX&fast=1000,404,,05.05.12,Не найдено
http://www.yaponama.ru/searches/0242236511FAST1000,404,,13.02.12,Не найдено
http://www.yaponama.ru/info/5032563/NK,404,,12.05.12,Не найдено
http://www.yaponama.ru/info/6462/SIMER,404,,19.03.12,Не найдено
http://www.yaponama.ru/searches/A5151/FLENNOR/1,410,,23.05.12,Не найдено
http://www.yaponama.ru/searches/1987234028/BOSCH,404,,13.04.12,Не найдено
http://www.yaponama.ru/info/1987949513/BOSCH,404,,12.05.12,Не найдено
http://www.yaponama.ru/searches/0911007151,404,,11.04.12,Не найдено
http://www.yaponama.ru/searches/5103905/NK,404,,19.03.12,Не найдено
http://www.yaponama.ru/info/241802/ROADHOUSE,404,,12.05.12,Не найдено
http://www.yaponama.ru/info/240338/ABS,404,,12.05.12,Не найдено
http://www.yaponama.ru/info/22401P8315/NISSAN,404,,12.05.12,Не найдено
http://www.yaponama.ru/searches/0986424182/BOSCH/1,404,,24.04.12,Не найдено
http://www.yaponama.ru/searches/0034202120/MERCEDES-BENZ&fast=1,404,,11.04.12,Не найдено
http://www.yaponama.ru/info/221019/NK,404,,13.05.12,Не найдено
http://www.yaponama.ru/searches/04730/AP/1,404,,10.05.12,Не найдено
http://www.yaponama.ru/info/SP235/SCT,404,,14.05.12,Не найдено
http://www.yaponama.ru/searches/6PK1565/FLENNOR/1,404,,19.05.12,Не найдено
http://www.yaponama.ru/searches/B2401W8915/NISSAN&fast=1,404,,15.02.12,Не найдено
http://www.yaponama.ru/info/36761/ABS,404,,13.03.12,Не найдено
http://www.yaponama.ru/searches/V042641/SPARTECH/1,404,,01.05.12,Не найдено
http://www.yaponama.ru/searches/SP215/SCT/1,404,,13.04.12,Не найдено
http://www.yaponama.ru/info/05P564/LPR,404,,12.05.12,Не найдено
http://www.yaponama.ru/searches/223925/NK/1,404,,13.04.12,Не найдено
http://www.yaponama.ru/searches/12120032135/BMW&fast=1000,404,,05.05.12,Не найдено
http://www.yaponama.ru/searches/12120032135/BMW&fast=1,404,,05.05.12,Не найдено
http://www.yaponama.ru/info/0242240530/BOSCH,404,,22.03.12,Не найдено
http://www.yaponama.ru/searches/5577/SIDEM&fast=1,404,,08.03.12,Не найдено
http://www.yaponama.ru/searches/BP9074/KBP&fast=1,404,,01.05.12,Не найдено
http://www.yaponama.ru/info/0001330731/BERU,404,,27.03.12,Не найдено
http://www.yaponama.ru/info/LX848/MAHLE,404,,28.03.12,Не найдено
http://www.yaponama.ru/info/21100/TSN,404,,13.05.12,Не найдено
http://www.yaponama.ru/searches/1332534/VOLVO&show=1,404,,05.05.12,Не найдено
http://www.yaponama.ru/searches/23458/MONROE,404,,01.04.12,Не найдено
http://www.yaponama.ru/info/37391/ABS,404,,13.05.12,Не найдено
http://www.yaponama.ru/searches/101000016AA/SKODA/1,404,,30.04.12,Не найдено
http://www.yaponama.ru/info/T1323/PAGID,404,,22.05.12,Не найдено
http://www.yaponama.ru/info/3023500/UFI,404,,28.03.12,Не найдено
http://www.yaponama.ru/searches/PT151/JAPANPARTS,404,,13.04.12,Не найдено
http://www.yaponama.ru/searches/598142/VALEO&show=1,404,,08.03.12,Не найдено
http://www.yaponama.ru/searches/22401AG215/NISSAN&fast=1,404,,22.02.12,Не найдено
http://www.yaponama.ru/searches/13046071892/ATE&fast=1,404,,05.05.12,Не найдено
http://www.yaponama.ru/searches/13046071892/ATE&show=1,404,,05.05.12,Не найдено
http://www.yaponama.ru/searches/13046071892/ATE&fast=1000,404,,05.05.12,Не найдено
http://www.yaponama.ru/searches/10A1070C/DAYCO&fast=1,404,,14.02.12,Не найдено
http://www.yaponama.ru/info/07380/LPR,404,,11.05.12,Не найдено
http://www.yaponama.ru/searches/571272J/JURID&fast=1,404,,09.03.12,Не найдено
http://www.yaponama.ru/info/21153/TSN,404,,11.05.12,Не найдено
http://www.yaponama.ru/searches/BPR7EY/NGK&fast=1,404,,23.05.12,Не найдено
http://www.yaponama.ru/searches/FPD13/FRIXA/1,404,,08.05.12,Не найдено
http://www.yaponama.ru/searches/13046070322/ATE&show=1,404,,05.05.12,Не найдено
http://www.yaponama.ru/searches/13046070322/ATE&fast=1,404,,05.05.12,Не найдено
http://www.yaponama.ru/info/WK828/MANN,404,,19.03.12,Не найдено
http://www.yaponama.ru/searches/P363310/WOKING,404,,20.04.12,Не найдено
http://www.yaponama.ru/info/222631/NK,404,,14.05.12,Не найдено
http://www.yaponama.ru/searches/13046040582/ATE&show=1,404,,05.05.12,Не найдено
http://www.yaponama.ru/searches/5700770SX/STELLOX&show=1,404,,09.03.12,Не найдено
http://www.yaponama.ru/searches/13046040582/ATE&fast=1000,404,,05.05.12,Не найдено
http://www.yaponama.ru/info/W20EXRU4/DENSO,404,,19.03.12,Не найдено
http://www.yaponama.ru/searches/13046039392/ATE&show=1,404,,05.05.12,Не найдено
http://www.yaponama.ru/searches/13046029512/ATE&show=1,404,,05.05.12,Не найдено
http://www.yaponama.ru/info/ADB0709HD/ALLIED%20NIPPON,404,,26.04.12,Не найдено
http://www.yaponama.ru/searches/2204/NSK&fast=1000,404,,11.04.12,Не найдено
http://www.yaponama.ru/searches/2204/MOOG&show=1,404,,11.04.12,Не найдено
http://www.yaponama.ru/searches/13046029792/ATE&show=1,404,,05.05.12,Не найдено
http://www.yaponama.ru/info/SM125/SCT,404,,12.05.12,Не найдено
http://www.yaponama.ru/searches/13046028892/ATE&fast=1,404,,05.05.12,Не найдено
http://www.yaponama.ru/info/PFR7Q/NGK,404,,22.03.12,Не найдено
http://www.yaponama.ru/searches/598483/VALEO&fast=1/1,404,,29.02.12,Не найдено
http://www.yaponama.ru/info/BCP7ET/NGK,404,,15.05.12,Не найдено
http://www.yaponama.ru/searches/3001120/ASHIKA/1,410,,24.05.12,Не найдено
http://www.yaponama.ru/info/7963/NGK,404,,22.03.12,Не найдено
http://www.yaponama.ru/info/T1397/PAGID,404,,21.05.12,Не найдено
http://www.yaponama.ru/searches/13046028942/ATE&fast=1,404,,05.05.12,Не найдено
http://www.yaponama.ru/info/37384/ABS,404,,12.05.12,Не найдено
http://www.yaponama.ru/searches/TF1584/AMC,404,,26.04.12,Не найдено
http://www.yaponama.ru/searches/246491/VALEO&show=1,404,,12.04.12,Не найдено
http://www.yaponama.ru/searches/366241OE/ABS/1,404,,08.05.12,Не найдено
http://www.yaponama.ru/info/5104405/ASHIKA,404,,19.05.12,Не найдено
http://www.yaponama.ru/searches/56028189/CHRYSLER,404,,12.04.12,Не найдено
http://www.yaponama.ru/searches/5888153/FIAT&fast=1,404,,09.03.12,Не найдено
http://www.yaponama.ru/searches/13046027272/ATE&fast=1,404,,05.05.12,Не найдено
http://www.yaponama.ru/searches/246486/VALEO&fast=1,404,,12.04.12,Не найдено
http://www.yaponama.ru/searches/1266/NGK&fast=1000,404,,05.05.12,Не найдено
http://www.yaponama.ru/info/S0700R/SOFIMA,404,,27.03.12,Не найдено
http://www.yaponama.ru/searches/SVB101000/AE,404,,02.05.12,Не найдено
http://www.yaponama.ru/searches/L27190/PUROLATOR,404,,02.05.12,Не найдено
http://www.yaponama.ru/searches/LP1952/DELPHI&fast=1,404,,16.05.12,Не найдено
http://www.yaponama.ru/searches/0241229713/BOSCH&fast=1,404,,12.04.12,Не найдено
http://www.yaponama.ru/searches/246263/VALEO&fast=1000,404,,27.04.12,Не найдено
http://www.yaponama.ru/searches/0520/TRUSTING&fast=1/1,404,,29.02.12,Не найдено
http://www.yaponama.ru/searches/643081/ROULUNDS/1,404,,11.04.12,Не найдено
http://www.yaponama.ru/searches/STL010/GRAND%20PRIX&fast=1,404,,02.05.12,Не найдено
http://www.yaponama.ru/searches/ZFR5F11/NGK&fast=1,404,,21.05.12,Не найдено
http://www.yaponama.ru/searches/36547/ABS,404,,08.05.12,Не найдено
http://www.yaponama.ru/searches/1243/NGK&fast=1,404,,05.05.12,Не найдено
http://www.yaponama.ru/info/LS294/PURFLUX,404,,27.03.12,Не найдено
http://www.yaponama.ru/searches/2114416614/TEXTAR&fast=1000,404,,03.04.12,Не найдено
http://www.yaponama.ru/info/ADT342141/BLUE%20PRINT,503,,25.05.12,Ошибка сервера
http://www.yaponama.ru/info/224562/NK,503,,24.05.12,Ошибка сервера
http://www.yaponama.ru/info/AN708WK/AKEBONO,503,,25.05.12,Ошибка сервера
http://www.yaponama.ru/info/AKD1233/AKYOTO,503,,25.05.12,Ошибка сервера
http://www.yaponama.ru/info/916/SIMER,503,,25.05.12,Ошибка сервера
http://www.yaponama.ru/info/FDB1648/FERODO,503,,25.05.12,Ошибка сервера
http://www.yaponama.ru/info/246176/VALEO,503,,25.05.12,Ошибка сервера
http://www.yaponama.ru/info/1520865F0A/NISSAN,503,,26.05.12,Ошибка сервера
http://www.yaponama.ru/info/8D0698151C/VOLKSWAGEN,503,,25.05.12,Ошибка сервера
http://www.yaponama.ru/info/2353902/TEXTAR,503,,24.05.12,Ошибка сервера
http://www.yaponama.ru/info/794079/FIAT,503,,25.05.12,Ошибка сервера
http://www.yaponama.ru/info/237681851/ZIMMERMANN,503,,24.05.12,Ошибка сервера
http://www.yaponama.ru/info/H2014XKIT/MANN,503,,25.05.12,Ошибка сервера
http://www.yaponama.ru/info/SP368/SCT,503,,25.05.12,Ошибка сервера
http://www.yaponama.ru/info/1520865F0C/NISSAN,503,,26.05.12,Ошибка сервера
http://www.yaponama.ru/info/217202/ROADHOUSE,503,,24.05.12,Ошибка сервера
http://www.yaponama.ru/info/19623/MAPCO,503,,25.05.12,Ошибка сервера
http://www.yaponama.ru/info/171698151H/AUDI,503,,26.05.12,Ошибка сервера
http://www.yaponama.ru/info/4006109/SASIC,503,,25.05.12,Ошибка сервера
http://www.yaponama.ru/info/PH5594A/FRAM,503,,26.05.12,Ошибка сервера
http://www.yaponama.ru/info/0002335926/BERU,503,,25.05.12,Ошибка сервера
http://www.yaponama.ru/info/642500/ROADHOUSE,503,,26.05.12,Ошибка сервера
http://www.yaponama.ru/info/OPWP0211/MOOG,503,,25.05.12,Ошибка сервера
http://www.yaponama.ru/info/J1311026/NIPPARTS,503,,26.05.12,Ошибка сервера
http://www.yaponama.ru/searches/246492?manufacturer=,503,,12.03.12,Ошибка сервера
http://www.yaponama.ru/info/14FR7DU/BERU,503,,26.05.12,Ошибка сервера
http://www.yaponama.ru/info/AN498WK/AKEBONO,503,,25.05.12,Ошибка сервера
http://www.yaponama.ru/info/4881952010/TOYOTA,503,,26.05.12,Ошибка сервера
http://www.yaponama.ru/info/246173/VALEO,503,,24.05.12,Ошибка сервера
http://www.yaponama.ru/info/4619/NGK,503,,25.05.12,Ошибка сервера
http://www.yaponama.ru/info/LS592A/PURFLUX,503,,25.05.12,Ошибка сервера
http://www.yaponama.ru/info/26048/FEBI,503,,25.05.12,Ошибка сервера
http://www.yaponama.ru/info/203033/NK,503,,25.05.12,Ошибка сервера
http://www.yaponama.ru/info/1987949560/BOSCH,503,,24.05.12,Ошибка сервера
http://www.yaponama.ru/info/4PK820/BANDO,503,,26.05.12,Ошибка сервера
http://www.yaponama.ru/info/WK8158/MANN,503,,27.05.12,Ошибка сервера
http://www.yaponama.ru/info/59627P/CITROEN,503,,27.05.12,Ошибка сервера
http://www.yaponama.ru/info/1520865F0B/NISSAN,503,,26.05.12,Ошибка сервера
http://www.yaponama.ru/info/46839039/FIAT,503,,25.05.12,Ошибка сервера
http://www.yaponama.ru/info/1020/FLOSSER,503,,25.05.12,Ошибка сервера
http://www.yaponama.ru/info/598130/VALEO,503,,26.05.12,Ошибка сервера
http://www.yaponama.ru/info/531066520/INA,503,,25.05.12,Ошибка сервера
http://www.yaponama.ru/info/IZFR6K11S/NGK,503,,25.05.12,Ошибка сервера
http://www.yaponama.ru/info/SN765P/SUMITOMO,503,,27.05.12,Ошибка сервера
http://www.yaponama.ru/info/2716363/VOLVO,503,,25.05.12,Ошибка сервера
http://www.yaponama.ru/searches/05P462/LPR/1,500,,24.05.12,Ошибка сервера
http://www.yaponama.ru/info/9091902230/TOYOTA,503,,25.05.12,Ошибка сервера
http://www.yaponama.ru/info/T1498/PAGID,503,,27.05.12,Ошибка сервера
http://www.yaponama.ru/info/ABM82/JANMOR,503,,25.05.12,Ошибка сервера
http://www.yaponama.ru/info/VKM71806/SKF,503,,25.05.12,Ошибка сервера
http://www.yaponama.ru/info/ST336/SCT,503,,27.05.12,Ошибка сервера
http://www.yaponama.ru/info/GT36931/SNR,503,,25.05.12,Ошибка сервера
http://www.yaponama.ru/info/13046070602/ATE,503,,25.05.12,Ошибка сервера
http://www.yaponama.ru/info/5018208AA/CHRYSLER,503,,26.05.12,Ошибка сервера
http://www.yaponama.ru/info/1145A079/MITSUBISHI,503,,25.05.12,Ошибка сервера
http://www.yaponama.ru/info/246198/VALEO,503,,26.05.12,Ошибка сервера
http://www.yaponama.ru/info/021002/REMSA,503,,26.05.12,Ошибка сервера
http://www.yaponama.ru/info/181436/ICER,503,,26.05.12,Ошибка сервера
http://www.yaponama.ru/info/5505XS/GATES,503,,27.05.12,Ошибка сервера
http://www.yaponama.ru/info/11720V7310/NISSAN,503,,26.05.12,Ошибка сервера
http://www.yaponama.ru/info/ADT36601/BLUE%20PRINT,503,,26.05.12,Ошибка сервера
http://www.yaponama.ru/info/5520083820/SUZUKI,503,,24.05.12,Ошибка сервера
http://www.yaponama.ru/info/223H200/BREMI,503,,27.05.12,Ошибка сервера
http://www.yaponama.ru/info/7700844056/RENAULT,503,,25.05.12,Ошибка сервера
http://www.yaponama.ru/searches/561620J?manufacturer=,503,,12.03.12,Ошибка сервера
http://www.yaponama.ru/info/4PK865/BANDO,503,,25.05.12,Ошибка сервера
http://www.yaponama.ru/info/598913/VALEO,503,,25.05.12,Ошибка сервера
http://www.yaponama.ru/info/1041901/FORD,503,,25.05.12,Ошибка сервера
http://www.yaponama.ru/info/MVB875R5/AE,503,,25.05.12,Ошибка сервера
http://www.yaponama.ru/info/1611079025/DAIHATSU,503,,26.05.12,Ошибка сервера
http://www.yaponama.ru/info/13046071542/ATE,503,,26.05.12,Ошибка сервера
http://www.yaponama.ru/info/10239/LEMFORDER,503,,25.05.12,Ошибка сервера
http://www.yaponama.ru/info/5522082020/SUZUKI,503,,25.05.12,Ошибка сервера
http://www.yaponama.ru/info/GDB3296/TRW,503,,27.05.12,Ошибка сервера
http://www.yaponama.ru/info/PH4702/FRAM,503,,25.05.12,Ошибка сервера
http://www.yaponama.ru/info/13741F/GTR,503,,25.05.12,Ошибка сервера
http://www.yaponama.ru/info/T21C03F/RBI,503,,25.05.12,Ошибка сервера
http://www.yaponama.ru/searches/222624/NK/1,503,,12.05.12,Ошибка сервера
http://www.yaponama.ru/searches/222260/NK/1,503,,12.05.12,Ошибка сервера
http://www.yaponama.ru/info/24812/FEBI,503,,27.05.12,Ошибка сервера
http://www.yaponama.ru/info/PS10223/FRAM,503,,27.05.12,Ошибка сервера
http://www.yaponama.ru/info/AY460TY047/PITWORK,503,,26.05.12,Ошибка сервера
http://www.yaponama.ru/info/A103087/MITSUBISHI,503,,26.05.12,Ошибка сервера
http://www.yaponama.ru/info/1760078E01000/SUZUKI,503,,26.05.12,Ошибка сервера
http://www.yaponama.ru/info/8430/MASUMA,503,,25.05.12,Ошибка сервера
http://www.yaponama.ru/info/OC269/KNECHT,503,,27.05.12,Ошибка сервера
http://www.yaponama.ru/info/117RHP210H/DAYCO,503,,26.05.12,Ошибка сервера
http://www.yaponama.ru/info/OC290/KNECHT,503,,25.05.12,Ошибка сервера
http://www.yaponama.ru/info/7563164/FIAT,503,,25.05.12,Ошибка сервера
http://www.yaponama.ru/info/5750FJ/CITROEN,503,,25.05.12,Ошибка сервера
http://www.yaponama.ru/info/DPOWER57/NGK,503,,25.05.12,Ошибка сервера
http://www.yaponama.ru/info/77363992/FIAT,503,,25.05.12,Ошибка сервера
http://www.yaponama.ru/info/TOBJ3002/MOOG,503,,25.05.12,Ошибка сервера
http://www.yaponama.ru/searches/986494021/BOSCH,503,,12.03.12,Ошибка сервера
http://www.yaponama.ru/info/17208/LEMFORDER,503,,25.05.12,Ошибка сервера
http://www.yaponama.ru/info/13028AA240/SUBARU,503,,26.05.12,Ошибка сервера
http://www.yaponama.ru/info/1201G0/PEUGEOT,503,,26.05.12,Ошибка сервера
http://www.yaponama.ru/info/1872701/LEMFORDER,503,,26.05.12,Ошибка сервера
http://www.yaponama.ru/info/1910224120/TOYOTA,503,,26.05.12,Ошибка сервера
http://www.yaponama.ru/info/1500A086/MITSUBISHI,503,,26.05.12,Ошибка сервера
http://www.yaponama.ru/info/1651003G00/SUZUKI,503,,26.05.12,Ошибка сервера
http://www.yaponama.ru/info/1355A053/MITSUBISHI,503,,26.05.12,Ошибка сервера
http://www.yaponama.ru/info/19530/FEBI,503,,26.05.12,Ошибка сервера
http://www.yaponama.ru/info/4881752010/%D0%A4%D0%9E%D0%A0%D0%A2%D0%A3%D0%9D%D0%90,503,,26.05.12,Ошибка сервера
http://www.yaponama.ru/info/1313809/FORD,503,,26.05.12,Ошибка сервера
http://www.yaponama.ru/info/1237111301/TOYOTA,503,,26.05.12,Ошибка сервера
http://www.yaponama.ru/info/542464/OPEL,503,,26.05.12,Ошибка сервера
http://www.yaponama.ru/info/5142561AA/CHRYSLER,503,,26.05.12,Ошибка сервера
http://www.yaponama.ru/info/450701/REMSA,503,,25.05.12,Ошибка сервера
http://www.yaponama.ru/info/5170344030/HYUNDAI,503,,25.05.12,Ошибка сервера
http://www.yaponama.ru/info/4819860011/TOYOTA,503,,25.05.12,Ошибка сервера
http://www.yaponama.ru/info/1160308271/MEYLE,503,,26.05.12,Ошибка сервера
http://www.yaponama.ru/info/1088/CONTITECH,503,,25.05.12,Ошибка сервера
http://www.yaponama.ru/info/2002264/ASHIKA,503,,24.05.12,Ошибка сервера
http://www.yaponama.ru/info/1YT412730/MOTORCRAFT,503,,24.05.12,Ошибка сервера
http://www.yaponama.ru/info/TB616/AE,503,,27.05.12,Ошибка сервера
http://www.yaponama.ru/info/JGE169T/TRW,503,,27.05.12,Ошибка сервера
http://www.yaponama.ru/info/93011013900/PORSCHE,503,,25.05.12,Ошибка сервера
http://www.yaponama.ru/info/H305WK/HENGST,503,,27.05.12,Ошибка сервера
http://www.yaponama.ru/info/G2514/OPTIMAL,503,,27.05.12,Ошибка сервера
http://www.yaponama.ru/info/9H0M015/MITSUBISHI,503,,26.05.12,Ошибка сервера
http://www.yaponama.ru/info/8522252050/TOYOTA,503,,25.05.12,Ошибка сервера
http://www.yaponama.ru/info/181615/ICER,503,,27.05.12,Ошибка сервера
http://www.yaponama.ru/info/37324/ABS,503,,27.05.12,Ошибка сервера
http://www.yaponama.ru/info/WBC19/GOODWILL,503,,27.05.12,Ошибка сервера
http://www.yaponama.ru/info/AD2838I0/NOK,503,,27.05.12,Ошибка сервера
http://www.yaponama.ru/info/4111053082/TOYOTA,503,,25.05.12,Ошибка сервера
http://www.yaponama.ru/info/5750ZG/CITROEN,503,,25.05.12,Ошибка сервера
http://www.yaponama.ru/info/10150560A/VIKA,503,,25.05.12,Ошибка сервера
http://www.yaponama.ru/info/205521016-HANS%20PRIES,500,,07.05.12,Ошибка сервера
http://www.yaponama.ru/info/4111030793/TOYOTA,503,,25.05.12,Ошибка сервера
http://www.yaponama.ru/info/411103A072/TOYOTA,503,,25.05.12,Ошибка сервера
http://www.yaponama.ru/info/MM53425/JAPANPARTS,503,,25.05.12,Ошибка сервера
http://www.yaponama.ru/info/4111040171/TOYOTA,503,,25.05.12,Ошибка сервера
http://www.yaponama.ru/info/4111051012/TOYOTA,503,,25.05.12,Ошибка сервера
http://www.yaponama.ru/info/4111053022/TOYOTA,503,,25.05.12,Ошибка сервера
http://www.yaponama.ru/info/DC0307/LEX,503,,27.05.12,Ошибка сервера
http://www.yaponama.ru/info/ODS241/JANMOR,503,,27.05.12,Ошибка сервера
http://www.yaponama.ru/info/4111030A21/TOYOTA,503,,25.05.12,Ошибка сервера
http://www.yaponama.ru/info/4111053092/TOYOTA,503,,25.05.12,Ошибка сервера
http://www.yaponama.ru/info/JRA257/TRW,503,,27.05.12,Ошибка сервера
http://www.yaponama.ru/info/4111053132/TOYOTA,503,,25.05.12,Ошибка сервера
http://www.yaponama.ru/info/AVX10X666LA-GRAND%20PRIX,500,,07.05.12,Ошибка сервера
http://www.yaponama.ru/info/205417015-HANS%20PRIES,500,,07.05.12,Ошибка сервера
http://www.yaponama.ru/info/4111053062/TOYOTA,503,,25.05.12,Ошибка сервера
http://www.yaponama.ru/info/411103A082/TOYOTA,503,,25.05.12,Ошибка сервера
http://www.yaponama.ru/info/04892749AA/CHRYSLER,503,,25.05.12,Ошибка сервера
http://www.yaponama.ru/info/4111030651/TOYOTA,503,,25.05.12,Ошибка сервера
http://www.yaponama.ru/info/1535430/FORD,503,,26.05.12,Ошибка сервера
http://www.yaponama.ru/info/5144950002/MEYLE,503,,25.05.12,Ошибка сервера
http://www.yaponama.ru/info/J65049SAN/JAPAN%20CARS,503,,25.05.12,Ошибка сервера
http://www.yaponama.ru/info/3764/HARLEY%20DAVIDSON,503,,25.05.12,Ошибка сервера
http://www.yaponama.ru/info/V98DLA375-DRIVE%20JOY,500,,07.05.12,Ошибка сервера
http://www.yaponama.ru/info/90425479-GENERAL%20MOTORS,500,,07.05.12,Ошибка сервера
http://www.yaponama.ru/info/3008109/SASIC,503,,27.05.12,Ошибка сервера
http://www.yaponama.ru/info/27F35A/BOGE,503,,27.05.12,Ошибка сервера
http://www.yaponama.ru/info/J65049YMT/JAPAN%20CARS,503,,25.05.12,Ошибка сервера
http://www.yaponama.ru/info/94410720190/PORSCHE,503,,25.05.12,Ошибка сервера
http://www.yaponama.ru/info/94410720105/PORSCHE,503,,25.05.12,Ошибка сервера
http://www.yaponama.ru/info/0241256513/BOSCH,503,,25.05.12,Ошибка сервера
http://www.yaponama.ru/info/V3071311/VAICO,503,,25.05.12,Ошибка сервера
http://www.yaponama.ru/info/94410720108/PORSCHE,503,,25.05.12,Ошибка сервера
http://www.yaponama.ru/info/H15009/JAPAN%20CARS,503,,25.05.12,Ошибка сервера
http://www.yaponama.ru/info/H15010/JAPAN%20CARS,503,,25.05.12,Ошибка сервера
http://www.yaponama.ru/info/4PK895/BANDO,503,,27.05.12,Ошибка сервера
http://www.yaponama.ru/info/AY16NVH835/NISSAN,503,,26.05.12,Ошибка сервера
http://www.yaponama.ru/info/LP1228/DELPHI,503,,26.05.12,Ошибка сервера
http://www.yaponama.ru/info/7588037/FIAT,503,,27.05.12,Ошибка сервера
http://www.yaponama.ru/info/MPH25/MANDO,503,,27.05.12,Ошибка сервера
http://www.yaponama.ru/info/18101723750/BMW,503,,27.05.12,Ошибка сервера
http://www.yaponama.ru/info/V9118B018-DRIVE%20JOY,500,,10.04.12,Ошибка сервера
http://www.yaponama.ru/info/1685861/FORD,503,,27.05.12,Ошибка сервера
http://www.yaponama.ru/info/JTE363/TRW,503,,27.05.12,Ошибка сервера
http://www.yaponama.ru/info/1400726/OPEL,503,,27.05.12,Ошибка сервера
http://www.yaponama.ru/info/M5/JANMOR,503,,27.05.12,Ошибка сервера
http://www.yaponama.ru/info/2811321340/HYUNDAI,503,,27.05.12,Ошибка сервера
http://www.yaponama.ru/info/V043442/SPARTECH,503,,26.05.12,Ошибка сервера
http://www.yaponama.ru/info/26252/FEBI,503,,27.05.12,Ошибка сервера
http://www.yaponama.ru/info/JSL377/TRW,503,,27.05.12,Ошибка сервера
http://www.yaponama.ru/info/LX354/KNECHT,503,,26.05.12,Ошибка сервера
http://www.yaponama.ru/info/2776900/UFI,503,,26.05.12,Ошибка сервера
http://www.yaponama.ru/info/LX354/MAHLE,503,,26.05.12,Ошибка сервера
http://www.yaponama.ru/info/01229/FEBI,503,,27.05.12,Ошибка сервера
http://www.yaponama.ru/info/26098/FEBI,503,,27.05.12,Ошибка сервера
http://www.yaponama.ru/info/13046048022/ATE,503,,27.05.12,Ошибка сервера
http://www.yaponama.ru/info/1651006B01/SUZUKI,503,,27.05.12,Ошибка сервера
http://www.yaponama.ru/info/0204123484/BOSCH,503,,27.05.12,Ошибка сервера
http://www.yaponama.ru/info/437125010/TOYOTA,503,,27.05.12,Ошибка сервера
http://www.yaponama.ru/info/91033200/TEXTAR,503,,27.05.12,Ошибка сервера
http://www.yaponama.ru/info/1651006B00/SUZUKI,503,,27.05.12,Ошибка сервера
http://www.yaponama.ru/info/4106060R90/NISSAN,503,,25.05.12,Ошибка сервера
http://www.yaponama.ru/info/151148/METELLI,503,,27.05.12,Ошибка сервера
http://www.yaponama.ru/info/FL530H/FLENNOR,503,,27.05.12,Ошибка сервера
http://www.yaponama.ru/info/044802/REMSA,503,,27.05.12,Ошибка сервера
http://www.yaponama.ru/info/2630042030/KIA,503,,25.05.12,Ошибка сервера
http://www.yaponama.ru/info/30916528/SWAG,503,,27.05.12,Ошибка сервера
http://www.yaponama.ru/info/LP1945/DELPHI,503,,27.05.12,Ошибка сервера
http://www.yaponama.ru/info/MDB2356/MINTEX,503,,27.05.12,Ошибка сервера
http://www.yaponama.ru/info/90926903/SWAG,503,,25.05.12,Ошибка сервера
http://www.yaponama.ru/info/SP500/MOTORCRAFT,503,,25.05.12,Ошибка сервера
http://www.yaponama.ru/info/446621010/TOYOTA,503,,25.05.12,Ошибка сервера
http://www.yaponama.ru/info/446633110/TOYOTA,503,,25.05.12,Ошибка сервера
http://www.yaponama.ru/info/VFM1649/BOSAL,503,,27.05.12,Ошибка сервера
http://www.yaponama.ru/info/TF54/MFILTER,503,,25.05.12,Ошибка сервера
http://www.yaponama.ru/info/OC603/FILTRON,503,,26.05.12,Ошибка сервера
http://www.yaponama.ru/info/28485/FEBI,503,,27.05.12,Ошибка сервера
http://www.yaponama.ru/info/T1428/PAGID,503,,27.05.12,Ошибка сервера
http://www.yaponama.ru/info/PN5203/AIKO,503,,27.05.12,Ошибка сервера
http://www.yaponama.ru/info/FDP6111/PILENGA,503,,27.05.12,Ошибка сервера
http://www.yaponama.ru/info/CCGJYB2648Z9C/CONCORD,503,,27.05.12,Ошибка сервера
http://www.yaponama.ru/info/MD303148/NOK,503,,27.05.12,Ошибка сервера
http://www.yaponama.ru/info/4333039155/TOYOTA,503,,26.05.12,Ошибка сервера
http://www.yaponama.ru/info/9560/OPTIMAL,503,,27.05.12,Ошибка сервера
http://www.yaponama.ru/info/9947982/FIAT,503,,27.05.12,Ошибка сервера
http://www.yaponama.ru/info/180785/ICER,503,,27.05.12,Ошибка сервера
http://www.yaponama.ru/info/2258/TSN,503,,27.05.12,Ошибка сервера
http://www.yaponama.ru/info/6133119/GIRLING,503,,27.05.12,Ошибка сервера
http://www.yaponama.ru/info/ADB0986/ALLIED%20NIPPON,503,,27.05.12,Ошибка сервера
http://www.yaponama.ru/info/MTL108R/MTP%20KEBONO,503,,25.05.12,Ошибка сервера
http://www.yaponama.ru/info/5610090/KONSTEIN,503,,27.05.12,Ошибка сервера
http://www.yaponama.ru/info/MTL109/MTP%20KEBONO,503,,25.05.12,Ошибка сервера
http://www.yaponama.ru/info/MTS062/MTP%20KEBONO,503,,25.05.12,Ошибка сервера
http://www.yaponama.ru/info/9202208/ASHIKA,503,,25.05.12,Ошибка сервера
http://www.yaponama.ru/info/13046058042/ATE,503,,27.05.12,Ошибка сервера
http://www.yaponama.ru/info/T1026/PAGID,503,,25.05.12,Ошибка сервера
http://www.yaponama.ru/info/022651505/VICTOR%20REINZ,503,,27.05.12,Ошибка сервера
http://www.yaponama.ru/info/MD603342/MITSUBISHI,503,,27.05.12,Ошибка сервера
http://www.yaponama.ru/info/J1341013/HERTH+BUSS,503,,27.05.12,Ошибка сервера
http://www.yaponama.ru/info/103843/RECORD%20FRANCE,503,,27.05.12,Ошибка сервера
http://www.yaponama.ru/info/301563586/HANS%20PRIES,503,,27.05.12,Ошибка сервера
http://www.yaponama.ru/info/6K0906265/VOLKSWAGEN,503,,27.05.12,Ошибка сервера
http://www.yaponama.ru/info/MR560393/MITSUBISHI,503,,27.05.12,Ошибка сервера
http://www.yaponama.ru/info/MR514374/MITSUBISHI,503,,27.05.12,Ошибка сервера
http://www.yaponama.ru/info/6160186/FORD,503,,26.05.12,Ошибка сервера
http://www.yaponama.ru/info/KTB496/DAYCO,503,,26.05.12,Ошибка сервера
http://www.yaponama.ru/info/F32040/JAPAN%20CARS,503,,27.05.12,Ошибка сервера
http://www.yaponama.ru/info/9004851058000/DAIHATSU,503,,26.05.12,Ошибка сервера
http://www.yaponama.ru/info/101736/SACHS,503,,26.05.12,Ошибка сервера
http://www.yaponama.ru/info/MTT121/MASUMA,503,,26.05.12,Ошибка сервера
http://www.yaponama.ru/info/101736/MOTUL,503,,26.05.12,Ошибка сервера
http://www.yaponama.ru/info/CA10596/FRAM,503,,26.05.12,Ошибка сервера
http://www.yaponama.ru/info/059112/REMSA,503,,26.05.12,Ошибка сервера
http://www.yaponama.ru/info/LP2067/DELPHI,503,,26.05.12,Ошибка сервера
http://www.yaponama.ru/info/4235/BOSCH,503,,27.05.12,Ошибка сервера
http://www.yaponama.ru/info/MD307341/NOK,503,,27.05.12,Ошибка сервера
http://www.yaponama.ru/info/1987429121/BOSCH,503,,26.05.12,Ошибка сервера
http://www.yaponama.ru/info/1987429302/BOSCH,503,,26.05.12,Ошибка сервера
http://www.yaponama.ru/info/548302D000/KIA,503,,27.05.12,Ошибка сервера
http://www.yaponama.ru/info/PF5203/NISSHINBO,503,,27.05.12,Ошибка сервера
http://www.yaponama.ru/info/21108/FEBI,503,,27.05.12,Ошибка сервера
http://www.yaponama.ru/info/P49036/BREMBO,503,,27.05.12,Ошибка сервера
http://www.yaponama.ru/info/P85053/BREMBO,503,,27.05.12,Ошибка сервера
http://www.yaponama.ru/info/5580062G10000/SUZUKI,503,,27.05.12,Ошибка сервера
http://www.yaponama.ru/info/PGD482C/RAYBESTOS,503,,27.05.12,Ошибка сервера
http://www.yaponama.ru/info/22018/FEBI,503,,27.05.12,Ошибка сервера
http://www.yaponama.ru/info/14981/FEBI,503,,27.05.12,Ошибка сервера
http://www.yaponama.ru/info/NX892/FRICTIONMASTER,503,,27.05.12,Ошибка сервера
http://www.yaponama.ru/info/1987429110/BOSCH,503,,27.05.12,Ошибка сервера
http://www.yaponama.ru/info/MTS170/MTP%20KEBONO,503,,27.05.12,Ошибка сервера
http://www.yaponama.ru/info/MTS071/MTP%20KEBONO,503,,27.05.12,Ошибка сервера
http://www.yaponama.ru/info/05080060AA/CHRYSLER,503,,27.05.12,Ошибка сервера
http://www.yaponama.ru/info/55901229/SWAG,503,,27.05.12,Ошибка сервера
http://www.yaponama.ru/info/5721104/LONGHO,503,,27.05.12,Ошибка сервера
http://www.yaponama.ru/info/572490J/JURID,503,,27.05.12,Ошибка сервера
http://www.yaponama.ru/info/598780/VALEO,503,,27.05.12,Ошибка сервера
http://www.yaponama.ru/info/MDB2309/MINTEX,503,,27.05.12,Ошибка сервера
http://www.yaponama.ru/info/1908/FERROZ,503,,27.05.12,Ошибка сервера
http://www.yaponama.ru/info/MD368/ALCO%20FILTERS,503,,27.05.12,Ошибка сервера
http://www.yaponama.ru/info/26580/MAPCO,503,,27.05.12,Ошибка сервера
http://www.yaponama.ru/info/2377301/TEXTAR,503,,27.05.12,Ошибка сервера
http://www.yaponama.ru/info/10908324/SWAG,503,,27.05.12,Ошибка сервера
http://www.yaponama.ru/info/10927547/SWAG,503,,27.05.12,Ошибка сервера
http://www.yaponama.ru/info/11130120102/MEYLE,503,,27.05.12,Ошибка сервера
http://www.yaponama.ru/info/240450070400/BRECK,503,,27.05.12,Ошибка сервера
http://www.yaponama.ru/info/YA331/888,503,,26.05.12,Ошибка сервера
http://www.yaponama.ru/info/2431224050/KIA,503,,27.05.12,Ошибка сервера
http://www.yaponama.ru/info/WD3027/AMIWA,503,,27.05.12,Ошибка сервера
http://www.yaponama.ru/info/244812/ROADHOUSE,503,,27.05.12,Ошибка сервера
http://www.yaponama.ru/info/1206990/GENERAL%20MOTORS,503,,27.05.12,Ошибка сервера
http://www.yaponama.ru/info/VFM1649/VFM-BOSAL,503,,27.05.12,Ошибка сервера
http://www.yaponama.ru/info/05P1203/LPR,503,,27.05.12,Ошибка сервера
http://www.yaponama.ru/info/05402/FEBI,503,,27.05.12,Ошибка сервера
http://www.yaponama.ru/info/101000039AB/VOLKSWAGEN,503,,27.05.12,Ошибка сервера
http://www.yaponama.ru/info/223240/NK,503,,27.05.12,Ошибка сервера
http://www.yaponama.ru/info/4111022663/TOYOTA,503,,27.05.12,Ошибка сервера
http://www.yaponama.ru/info/UDW9N53874/UKORAUTO,503,,27.05.12,Ошибка сервера
http://www.yaponama.ru/info/1223G/AL-KO,503,,27.05.12,Ошибка сервера
http://www.yaponama.ru/info/22019/FEBI,503,,27.05.12,Ошибка сервера
http://www.yaponama.ru/info/2811321330/HYUNDAI,503,,27.05.12,Ошибка сервера
http://www.yaponama.ru/info/2912118304T3078/TEXTAR,503,,27.05.12,Ошибка сервера
http://www.yaponama.ru/info/1241G/AL-KO,503,,27.05.12,Ошибка сервера
http://www.yaponama.ru/info/316553/HANWOO,503,,27.05.12,Ошибка сервера
http://www.yaponama.ru/info/SU10053/CONCORD,503,,27.05.12,Ошибка сервера
http://www.yaponama.ru/info/32902005/SWAG,503,,27.05.12,Ошибка сервера
http://www.yaponama.ru/info/3309K/GLO,503,,27.05.12,Ошибка сервера
http://www.yaponama.ru/info/011012060990A/DELLO,503,,27.05.12,Ошибка сервера
http://www.yaponama.ru/info/4000150JR5/NISSAN,503,,27.05.12,Ошибка сервера
http://www.yaponama.ru/info/R14090/SNR,503,,27.05.12,Ошибка сервера
http://www.yaponama.ru/info/LX304/KNECHT,503,,26.05.12,Ошибка сервера
http://www.yaponama.ru/info/16500/FEBI,503,,27.05.12,Ошибка сервера
http://www.yaponama.ru/info/GSK1613/TRW,503,,27.05.12,Ошибка сервера
http://www.yaponama.ru/info/GJYB2643Z/MAZDA,503,,27.05.12,Ошибка сервера
http://www.yaponama.ru/info/GJYA2648ZA/MAZDA,503,,27.05.12,Ошибка сервера
http://www.yaponama.ru/info/GJYA2643Z/MAZDA,503,,27.05.12,Ошибка сервера
http://www.yaponama.ru/info/GDB3311S/TRW,503,,27.05.12,Ошибка сервера
http://www.yaponama.ru/info/GDB3311/TRW,503,,27.05.12,Ошибка сервера
http://www.yaponama.ru/info/1542700300/JP%20GROUP,503,,27.05.12,Ошибка сервера
http://www.yaponama.ru/info/GDB1506/TRW,503,,27.05.12,Ошибка сервера
http://www.yaponama.ru/info/GB85/BIG%20FILTER,503,,27.05.12,Ошибка сервера
http://www.yaponama.ru/info/030906265BJ/VOLKSWAGEN,503,,27.05.12,Ошибка сервера
http://www.yaponama.ru/info/G1151/TRW,503,,27.05.12,Ошибка сервера
http://www.yaponama.ru/info/FS005/FORTECH,503,,27.05.12,Ошибка сервера
http://www.yaponama.ru/info/A346/PURFLUX,503,,27.05.12,Ошибка сервера
http://www.yaponama.ru/info/FDG1241RLR/FLENNOR,503,,27.05.12,Ошибка сервера
http://www.yaponama.ru/info/FDB1721/FERODO,503,,27.05.12,Ошибка сервера
http://www.yaponama.ru/info/GSK1692/TRW,503,,27.05.12,Ошибка сервера
http://www.yaponama.ru/info/E92Z9155A/FORD,503,,27.05.12,Ошибка сервера
http://www.yaponama.ru/info/030906265AE/VOLKSWAGEN,503,,27.05.12,Ошибка сервера
http://www.yaponama.ru/info/AKD1076/AKYOTO,503,,27.05.12,Ошибка сервера
http://www.yaponama.ru/info/D892/FRICTIONMASTER,503,,27.05.12,Ошибка сервера
http://www.yaponama.ru/info/D3027/KASHIYAMA,503,,27.05.12,Ошибка сервера
http://www.yaponama.ru/info/CMX332/FRICTIONMASTER,503,,27.05.12,Ошибка сервера
http://www.yaponama.ru/info/CD3027ORGANIC/MTP%20KEBONO,503,,27.05.12,Ошибка сервера
http://www.yaponama.ru/info/CD3027/MTP,503,,27.05.12,Ошибка сервера
http://www.yaponama.ru/info/CD3027/MTP%20KEBONO,503,,27.05.12,Ошибка сервера
http://www.yaponama.ru/info/BK1613/TRW,503,,27.05.12,Ошибка сервера
http://www.yaponama.ru/info/C25371/MANN,503,,26.05.12,Ошибка сервера
http://www.yaponama.ru/info/BP4534/KBP,503,,27.05.12,Ошибка сервера
http://www.yaponama.ru/info/BP4534/KAVO%20PARTS,503,,27.05.12,Ошибка сервера
http://www.yaponama.ru/info/BK1694/TRW,503,,27.05.12,Ошибка сервера
http://www.yaponama.ru/info/J3613002/HERTH+BUSS,503,,27.05.12,Ошибка сервера
http://www.yaponama.ru/info/60922514/SWAG,503,,27.05.12,Ошибка сервера
http://www.yaponama.ru/info/62922018/SWAG,503,,27.05.12,Ошибка сервера
http://www.yaponama.ru/info/BK1692/TRW,503,,27.05.12,Ошибка сервера
http://www.yaponama.ru/info/62922019/SWAG,503,,27.05.12,Ошибка сервера
http://www.yaponama.ru/info/70150038/SWAG,503,,27.05.12,Ошибка сервера
http://www.yaponama.ru/info/KG19004603/FTE,503,,27.05.12,Ошибка сервера
http://www.yaponama.ru/info/70540001/SWAG,503,,27.05.12,Ошибка сервера
http://www.yaponama.ru/info/73307/BOSCH,503,,26.05.12,Ошибка сервера
http://www.yaponama.ru/info/JSL138/TRW,503,,27.05.12,Ошибка сервера
http://www.yaponama.ru/info/1851006B00/SUZUKI,503,,27.05.12,Ошибка сервера
http://www.yaponama.ru/info/0451103277/BOSCH,503,,27.05.12,Ошибка сервера
http://www.yaponama.ru/info/813512400/VICTOR%20REINZ,503,,26.05.12,Ошибка сервера
http://www.yaponama.ru/info/81926896/SWAG,503,,27.05.12,Ошибка сервера
http://www.yaponama.ru/info/J3613002/NIPPARTS,503,,27.05.12,Ошибка сервера
http://www.yaponama.ru/info/6017200316/MITSUBISHI,503,,27.05.12,Ошибка сервера
http://www.yaponama.ru/info/J2825008/NIPPARTS,503,,27.05.12,Ошибка сервера
http://www.yaponama.ru/info/J22001/JAPAN%20CARS,503,,27.05.12,Ошибка сервера
http://www.yaponama.ru/info/81931229/SWAG,503,,27.05.12,Ошибка сервера
http://www.yaponama.ru/info/J1325010/NIPPARTS,503,,27.05.12,Ошибка сервера
http://www.yaponama.ru/info/J1325010/HERTH+BUSS,503,,27.05.12,Ошибка сервера
http://www.yaponama.ru/info/J1321001/NIPPARTS,503,,27.05.12,Ошибка сервера
http://www.yaponama.ru/info/1512281/WEEN,503,,27.05.12,Ошибка сервера
http://www.yaponama.ru/info/10184/FEBI,503,,27.05.12,Ошибка сервера
http://www.yaponama.ru/info/IK1310028/DEXTRIM,503,,27.05.12,Ошибка сервера
http://www.yaponama.ru/info/8319733/SAAB,503,,27.05.12,Ошибка сервера
http://www.yaponama.ru/info/H2396901/FTE,503,,27.05.12,Ошибка сервера
http://www.yaponama.ru/info/87931825/SWAG,503,,27.05.12,Ошибка сервера
http://www.yaponama.ru/info/8811281433571ALT/JP%20GROUP,503,,27.05.12,Ошибка сервера
http://www.yaponama.ru/info/91037700/TEXTAR,503,,27.05.12,Ошибка сервера
